,country_id,year,gdp,population,co2,coal_co2,flaring_co2,gas_co2,methane,nitrous_oxide,oil_co2,sta
0,0,1990,464136601600.0,17048002.0,278.154,141.88,7.272,34.455,141.07,80.09,88.842,0.38
1,0,1991,461003816960.0,17271092.0,279.529,146.083,7.001,32.786,140.91,79.09,88.246,0.42
2,0,1992,477843226624.0,17462500.0,284.525,150.051,7.304,33.97,138.9,78.2,87.917,0.03
3,0,1993,500840595456.0,17631514.0,288.871,150.099,7.137,35.67,137.46,77.92,90.387,0.23
4,0,1994,527346171904.0,17805506.0,293.697,151.376,6.88,37.032,138.45,77.71,91.924,0.05
5,0,1995,549172871168.0,18003002.0,305.003,155.719,7.061,39.831,137.05,77.5,96.127,0.1
6,0,1996,574551425024.0,18211850.0,311.886,160.375,6.761,39.765,131.56,71.87,98.697,0.38
7,0,1997,600621056000.0,18410254.0,320.283,167.67,6.687,41.074,134.08,71.78,98.388,0.17
8,0,1998,634305052672.0,18601666.0,334.076,177.596,6.902,43.488,136.0,75.55,99.146,0.77
9,0,1999,664206835712.0,18800892.0,343.489,183.215,7.165,45.549,152.62,93.1,100.399,0.23
10,0,2000,691886620672.0,19017968.0,349.635,185.781,7.953,46.594,158.25,99.5,102.337,-0.11
11,0,2001,713625763840.0,19248146.0,357.132,190.067,8.172,49.311,167.17,109.86,102.583,0.0
12,0,2002,746683498496.0,19475842.0,361.541,191.131,8.007,50.573,161.55,103.77,104.516,0.57
13,0,2003,773868617728.0,19699004.0,369.28,195.37,7.158,49.701,123.59,65.19,109.571,0.57
14,0,2004,809419735040.0,19925060.0,382.821,202.21,6.858,52.518,140.73,85.42,113.766,0.37
15,0,2005,840554577920.0,20171732.0,386.154,200.7,6.914,54.477,121.4,62.57,116.508,0.91
16,0,2006,868838998016.0,20467032.0,392.384,204.385,7.046,55.811,142.45,84.75,117.4,0.36
17,0,2007,913875861504.0,20830832.0,399.625,203.543,7.504,61.049,137.7,77.96,119.474,0.55
18,0,2008,942108901376.0,21247876.0,404.233,204.671,7.483,61.787,120.7,61.63,122.328,0.28
19,0,2009,964937515008.0,21660898.0,407.065,206.05,7.966,63.114,125.88,66.88,122.367,0.71
20,0,2010,994067742720.0,22019166.0,405.103,200.536,8.19,64.264,115.16,54.38,124.557,0.21
21,0,2011,1026035417088.0,22357032.0,403.829,192.125,7.874,66.48,164.56,107.71,129.808,-0.14
22,0,2012,1064162361344.0,22729272.0,406.151,189.138,8.287,67.706,163.4,107.36,133.684,0.06
23,0,2013,1087110184960.0,23111788.0,397.887,176.347,8.846,69.648,127.03,64.44,136.181,1.07
24,0,2014,1117472423936.0,23469578.0,393.953,168.13,9.273,71.808,138.7,76.46,137.599,0.83
25,0,2015,1145386827776.0,23820240.0,401.793,174.189,10.828,72.044,134.8,72.5,137.629,0.78
26,0,2016,1176481300480.0,24195706.0,411.264,179.55,12.44,75.055,119.21,58.23,137.375,0.87
27,0,2017,1205343092736.0,24590336.0,414.358,176.906,14.861,76.212,141.83,80.04,139.461,0.74
28,1,1990,207979118592.0,7678732.0,62.145,18.139,0.102,11.836,11.85,4.97,28.899,0.74
29,1,1991,215992565760.0,7755640.0,65.744,18.699,0.111,12.501,11.85,4.99,31.407,0.0
30,1,1992,221400842240.0,7840816.0,60.244,14.386,0.12,12.519,11.65,4.78,30.152,1.09
31,1,1993,223463030784.0,7905280.0,60.671,13.274,0.112,13.022,11.33,4.71,31.265,0.51
32,1,1994,229749260288.0,7935366.0,61.046,13.456,0.128,13.656,10.93,4.67,30.714,1.69
33,1,1995,236824444928.0,7947293.0,64.023,15.423,0.127,14.899,10.45,4.65,30.852,0.46
34,1,1996,243480772608.0,7958043.0,67.367,15.068,0.071,15.796,10.27,4.76,33.777,-0.34
35,1,1997,249847267328.0,7967086.0,67.264,16.156,0.121,15.3,9.95,4.69,32.852,0.79
36,1,1998,259776266240.0,7975856.0,66.898,13.706,0.142,15.717,9.67,4.7,34.66,0.85
37,1,1999,270186299392.0,7991382.0,65.651,13.875,0.171,16.102,9.54,4.7,32.833,0.86
38,1,2000,280410161152.0,8010425.0,66.15,15.753,0.165,15.266,9.28,4.66,32.163,1.55
39,1,2001,285335945216.0,8039633.0,70.15,16.564,0.183,16.158,9.17,4.55,34.411,0.88
40,1,2002,291225468928.0,8078994.0,71.954,16.737,0.167,16.07,9.05,4.47,36.057,1.54
41,1,2003,294604374016.0,8120105.0,77.461,18.023,0.184,17.268,8.9,4.48,39.082,1.25
42,1,2004,303786426368.0,8171215.0,77.678,17.766,0.165,17.662,8.81,3.93,39.1,0.64
43,1,2005,311537598464.0,8227034.0,79.078,17.862,0.16,18.701,8.63,3.97,39.393,0.27
44,1,2006,323263922176.0,8267771.0,76.806,17.865,0.18,17.497,8.49,3.96,38.132,1.02
45,1,2007,336315973632.0,8294720.0,74.107,17.455,0.185,16.495,8.33,3.87,36.624,1.68
46,1,2008,342890905600.0,8321134.0,73.482,17.028,0.162,17.436,8.25,4.0,35.481,1.37
47,1,2009,331192238080.0,8342939.0,67.299,12.833,0.205,17.036,8.07,3.77,34.416,1.1
48,1,2010,338927091712.0,8362829.0,72.006,15.501,0.184,18.779,8.11,3.78,34.798,0.14
49,1,2011,349843128320.0,8391201.0,69.893,15.819,0.18,17.731,7.92,3.78,33.285,1.54
50,1,2012,352450904064.0,8429641.0,67.266,14.687,0.184,16.946,7.77,3.83,32.642,1.27
51,1,2013,352913752064.0,8479542.0,67.759,14.96,0.191,16.332,7.63,3.85,33.461,0.93
52,1,2016,364218286080.0,8736491.0,67.211,13.335,0.131,16.737,7.31,3.96,34.11,1.48
53,1,2017,373237972992.0,8797497.0,69.593,14.023,0.138,17.975,7.27,3.89,34.546,1.83
54,2,1990,116974870528.0,10428527.0,108.345,10.192,0.007,26.589,20.55,17.51,66.944,1.71
55,2,1991,114005491712.0,10457619.0,104.072,9.872,0.007,25.384,20.13,16.49,64.549,0.71
56,2,1992,101880774656.0,10475912.0,93.483,8.734,0.007,33.09,18.01,13.09,47.716,1.08
57,2,1993,93050200064.0,10480485.0,80.562,7.663,0.007,30.05,17.1,12.77,39.451,-0.07
58,2,1994,81212694528.0,10475397.0,67.879,6.312,0.007,26.765,16.26,12.06,32.582,0.79
59,2,1995,71373348864.0,10461694.0,60.906,5.889,0.006,24.34,15.44,11.92,28.607,0.91
60,2,1996,72504139776.0,10436455.0,61.735,5.843,0.006,26.23,15.19,11.94,27.511,-0.44
61,2,1997,79868108800.0,10400926.0,61.588,5.03,0.006,30.213,14.97,11.98,23.729,0.2
62,2,1998,85602467840.0,10357472.0,60.073,4.777,0.006,29.595,14.91,11.9,23.02,0.44
63,2,1999,87455039488.0,10308281.0,57.966,4.112,0.006,30.693,14.75,11.86,20.823,1.63
64,2,2000,91419115520.0,10256489.0,54.906,4.198,0.006,31.337,14.34,11.62,17.209,1.81
65,2,2001,94624129024.0,10201212.0,54.003,3.735,0.006,31.648,14.1,11.63,16.439,0.96
66,2,2002,98263244800.0,10135391.0,53.844,3.227,0.006,31.999,13.95,11.36,16.129,1.64
67,2,2003,103937826816.0,10065881.0,55.088,3.142,0.006,33.6,14.01,11.57,15.545,0.54
68,2,2004,114486460416.0,9999713.0,58.254,2.97,0.007,36.354,14.4,11.76,15.873,0.73
69,2,2005,123858051072.0,9935166.0,59.31,2.963,0.007,36.976,14.16,12.12,15.957,0.79
70,2,2006,134674022400.0,9874700.0,61.744,2.892,0.007,37.419,14.57,12.63,17.94,0.9
71,2,2007,144615653376.0,9825990.0,60.218,2.793,0.007,37.868,14.95,12.46,16.007,1.89
72,2,2009,156010315776.0,9757710.0,60.578,2.677,0.006,31.82,15.84,13.13,22.486,1.19
73,2,2010,166239846400.0,9731426.0,62.445,2.901,0.006,39.553,16.3,13.03,16.326,0.88
74,2,2011,173124534272.0,9706983.0,61.308,2.975,0.006,37.378,15.99,13.53,17.421,1.39
75,2,2012,176014524416.0,9693754.0,62.545,5.004,0.006,36.817,16.27,13.41,17.089,0.77
76,2,2013,177742299136.0,9691143.0,64.126,4.838,0.006,36.9,16.92,13.15,18.704,1.46
77,2,2014,180852932608.0,9693741.0,63.649,4.634,0.006,36.594,17.02,12.76,18.384,1.73
78,2,2016,168715976704.0,9708111.0,58.134,3.692,0.006,33.885,16.82,11.86,17.313,1.77
79,2,2017,172987875328.0,9707874.0,59.262,3.882,0.006,34.649,17.01,12.28,17.345,1.3
80,3,1990,273278730240.0,9959565.0,120.293,41.394,0.085,19.846,13.26,8.17,53.487,1.24
81,3,1991,278661955584.0,9987072.0,123.362,40.122,0.084,21.617,13.35,8.1,56.181,0.18
82,3,1992,283324055552.0,10016455.0,122.488,38.118,0.084,22.204,13.16,7.73,56.617,0.82
83,3,1993,280980160512.0,10043738.0,121.423,36.562,0.084,23.212,12.97,7.95,56.112,0.25
84,3,1994,290439823360.0,10069182.0,124.795,38.013,0.084,23.696,13.01,8.45,57.37,1.31
85,3,1995,297776709632.0,10095204.0,125.933,36.955,0.084,26.305,13.13,8.83,56.737,0.98
86,3,1996,302932623360.0,10123230.0,129.475,34.203,0.093,29.213,13.01,9.32,60.54,-0.45
87,3,1997,314603208704.0,10154876.0,123.984,31.916,0.093,27.74,12.82,9.02,58.607,0.95
88,3,1998,321260519424.0,10188541.0,130.212,33.214,0.1,30.866,12.55,9.11,60.328,0.81
89,3,1999,333156122624.0,10224223.0,124.704,28.931,0.11,33.035,12.61,9.05,56.965,1.25
90,3,2000,345736773632.0,10264351.0,126.72,31.672,0.165,33.199,12.14,7.68,55.732,1.31
91,3,2001,349022420992.0,10309249.0,126.064,28.29,0.148,32.937,11.63,7.47,59.055,0.89
92,3,2002,355720200192.0,10355569.0,126.861,28.637,0.153,33.256,11.08,7.96,59.08,1.42
93,3,2003,358964166656.0,10402550.0,128.246,27.766,0.111,34.992,10.4,7.2,59.784,1.38
94,3,2004,372527267840.0,10456164.0,128.779,28.252,0.102,34.983,10.26,7.28,59.762,0.91
95,3,2005,380849782784.0,10516979.0,125.636,26.196,0.104,35.641,9.99,7.16,58.086,0.9
96,3,2006,390897631232.0,10582970.0,123.88,25.337,0.131,35.388,9.83,6.15,57.115,1.43
97,3,2007,404735590400.0,10653698.0,120.477,23.158,0.115,35.637,9.65,5.52,55.79,1.5
98,3,2008,408314871808.0,10726720.0,120.176,23.259,0.117,35.69,9.45,5.48,55.359,1.0
99,3,2009,399533047808.0,10801357.0,107.732,15.162,0.117,36.482,9.36,5.68,51.219,1.09
100,3,2010,412203548672.0,10877948.0,114.558,17.526,0.103,40.349,9.24,6.19,51.822,-0.12
101,3,2011,420970561536.0,10955742.0,105.02,16.689,0.093,34.579,8.99,4.94,48.603,1.53
102,3,2012,421100945408.0,11031140.0,102.356,15.078,0.093,34.918,8.83,4.95,47.514,0.86
103,3,2013,421204131840.0,11103260.0,102.666,15.332,0.094,35.279,8.61,4.84,47.32,0.35
104,3,2015,434918719488.0,11248306.0,101.062,14.438,0.088,33.821,8.53,4.78,48.198,1.54
105,3,2016,439359012864.0,11316837.0,99.602,13.543,0.078,34.375,8.45,4.62,47.094,1.31
106,3,2017,447723831296.0,11384491.0,99.126,13.308,0.099,35.03,8.17,4.57,46.333,1.85
107,4,1990,1185475198976.0,150706448.0,218.658,37.095,7.554,7.484,287.86,110.59,151.775,0.17
108,4,1991,1212665823232.0,153336448.0,229.394,42.466,7.361,7.336,296.99,114.52,156.7,0.19
109,4,1992,1220990205952.0,155900784.0,233.601,41.203,7.445,7.983,302.35,116.19,163.252,0.01
110,4,1993,1296907370496.0,158440864.0,244.306,42.343,7.576,8.73,303.42,118.96,171.252,0.23
111,4,1994,1389944766464.0,160980480.0,254.002,43.667,8.004,8.985,309.75,122.42,179.162,0.28
112,4,1995,1466460143616.0,163515328.0,268.678,45.582,7.514,9.603,315.71,124.37,190.347,0.53
113,4,1996,1517464190976.0,166037120.0,289.311,46.468,7.821,10.608,308.66,116.15,206.281,0.23
114,4,1997,1588456587264.0,168546704.0,306.949,47.044,8.604,11.863,317.47,120.17,219.833,0.44
115,4,1998,1613655572480.0,171039808.0,317.359,45.591,9.463,12.411,333.88,130.43,229.578,0.98
116,4,1999,1641348464640.0,173486272.0,327.256,46.805,10.123,14.069,334.3,129.22,235.468,0.34
117,4,2000,1734491242496.0,175873712.0,340.183,50.46,10.737,18.442,329.29,124.7,239.488,0.35
118,4,2001,1780379287552.0,178211888.0,346.166,49.427,11.721,23.186,342.1,132.15,241.795,0.73
119,4,2002,1857599307776.0,180476688.0,347.765,48.689,11.218,29.293,364.28,146.0,239.219,0.95
120,4,2003,1902060896256.0,182629280.0,344.645,51.933,11.199,30.919,379.86,150.88,232.434,0.7
121,4,2004,2036566851584.0,184722048.0,361.434,53.833,10.84,38.215,397.21,162.1,239.768,0.62
122,4,2005,2127880912896.0,186797344.0,364.371,50.948,13.877,39.619,406.19,162.58,240.221,0.94
123,4,2006,2239747850240.0,188820688.0,368.871,50.838,12.882,42.053,399.48,156.38,242.249,0.65
124,4,2007,2405103566848.0,190779456.0,390.573,54.989,13.469,43.246,405.27,167.54,256.003,0.76
125,4,2008,2559006998528.0,192672320.0,412.638,55.315,14.207,51.303,399.07,155.2,267.239,0.52
126,4,2009,2587477671936.0,194517552.0,389.775,43.586,18.434,40.959,400.98,149.81,262.705,0.75
127,4,2010,2816706084864.0,196353504.0,440.269,56.688,15.214,55.049,427.55,175.06,286.08,0.92
128,4,2011,2965069889536.0,198185296.0,462.58,62.292,14.12,53.101,420.56,167.57,303.885,0.52
129,4,2012,3022025654272.0,199977712.0,498.309,61.016,14.761,63.397,424.63,170.54,327.734,0.73
130,4,2013,3112905998336.0,201721776.0,532.418,65.604,16.634,74.704,419.57,168.35,342.338,0.57
131,4,2014,3128572510208.0,203459648.0,557.901,69.034,17.642,81.286,426.63,176.57,356.753,0.77
132,4,2015,3270706200576.0,205188208.0,529.353,69.452,17.604,80.465,434.96,176.37,330.359,1.16
133,4,2016,2889037381632.0,206859584.0,492.748,63.831,17.505,69.666,436.21,179.65,312.939,1.0
134,4,2017,2926999240704.0,208504960.0,497.413,67.322,17.505,70.688,435.98,190.0,316.425,0.73
135,5,1990,79352520704.0,8767778.0,76.699,34.726,0.125,12.102,16.37,8.25,26.468,0.61
136,5,1991,73266159616.0,8721659.0,61.517,31.782,0.09,10.142,15.35,7.05,17.438,-0.54
137,5,1992,68357816320.0,8668545.0,57.366,31.441,0.138,8.872,14.81,5.24,15.168,0.16
138,5,1993,68791803904.0,8611541.0,58.427,33.047,0.161,8.147,13.52,4.53,15.301,-0.11
139,5,1994,70739017728.0,8548469.0,56.405,31.38,0.155,8.114,11.72,4.57,14.659,1.26
140,5,1995,73463005184.0,8477584.0,57.951,31.313,0.167,9.974,12.01,4.34,13.765,0.23
141,5,1996,67407642624.0,8401382.0,58.502,31.471,0.16,10.197,12.07,4.43,13.984,-0.34
142,5,1997,67221577728.0,8318965.0,55.856,34.016,0.145,8.228,11.57,4.15,11.349,-0.57
143,5,1998,70098747392.0,8234934.0,53.175,32.12,0.129,7.15,11.07,3.58,12.227,0.45
144,5,1999,66353733632.0,8162298.0,46.379,26.603,0.127,6.154,10.66,3.32,12.046,0.91
145,5,2000,70102818816.0,8097694.0,45.464,26.382,0.124,6.671,10.6,3.73,10.659,1.09
146,5,2001,72164990976.0,8034863.0,48.98,30.067,0.125,6.181,9.97,3.92,10.953,0.83
147,5,2002,75728076800.0,7974804.0,46.155,27.825,0.121,5.55,9.44,4.33,10.939,0.89
148,5,2003,79961358336.0,7917745.0,50.532,31.196,0.116,5.796,9.84,4.44,11.665,0.18
149,5,2004,85445484544.0,7865314.0,49.583,29.946,0.119,5.812,9.33,4.34,11.717,0.41
150,5,2005,91870126080.0,7815221.0,50.654,29.491,0.124,6.568,8.91,3.96,12.275,0.02
151,5,2006,98526781440.0,7766040.0,51.892,29.995,0.129,6.727,8.52,3.23,12.71,0.27
152,5,2007,106110869504.0,7719035.0,55.738,33.368,0.14,6.889,8.6,3.6,12.515,1.34
153,5,2008,112832528384.0,7674912.0,54.076,32.492,0.152,6.718,8.32,3.81,11.899,1.22
154,5,2009,109081829376.0,7634737.0,45.812,27.279,0.327,5.052,7.97,3.79,11.408,1.11
155,5,2010,110804590592.0,7592271.0,47.859,29.299,0.374,5.372,7.82,3.73,11.002,0.98
156,5,2011,113286381568.0,7543128.0,53.175,34.486,0.394,6.149,8.07,4.37,10.192,0.18
157,5,2012,113317797888.0,7488347.0,48.339,29.417,0.383,5.759,7.78,3.45,10.723,1.31
158,5,2013,114286280704.0,7431169.0,42.679,25.002,0.412,5.609,7.52,3.78,9.715,1.27
159,5,2014,115783073792.0,7372142.0,45.266,26.583,0.384,5.589,7.5,3.86,10.704,1.14
160,5,2015,119894269952.0,7309255.0,48.261,27.68,0.6,5.932,7.42,4.03,11.662,1.23
161,5,2016,123884560384.0,7245982.0,45.484,24.156,0.813,5.939,7.13,4.05,12.068,1.23
162,5,2017,128228638720.0,7182430.0,47.57,25.794,0.877,6.039,7.1,4.12,12.338,0.63
163,6,1990,835996811264.0,27657206.0,458.218,99.152,11.958,125.278,69.89,40.95,212.871,-0.13
164,6,1991,820551417856.0,28015762.0,449.96,104.17,12.154,124.815,71.15,40.67,200.768,0.4
165,6,1992,830132649984.0,28347644.0,463.759,106.927,13.193,132.084,73.63,41.18,203.765,-0.14
166,6,1993,854596321280.0,28668168.0,464.312,98.918,13.344,137.317,75.22,40.96,206.888,0.5
167,6,1994,895509659648.0,28981190.0,478.726,102.541,14.632,140.347,76.94,43.01,212.177,0.42
168,6,1995,922093223936.0,29289430.0,491.387,104.352,14.901,147.505,79.95,44.34,214.866,0.65
169,6,1996,939604049920.0,29593856.0,507.511,106.282,16.114,154.183,84.39,48.15,221.506,-0.06
170,6,1997,982580592640.0,29882752.0,521.84,113.174,16.27,152.748,83.89,44.8,229.52,0.67
171,6,1999,1079504207872.0,30399776.0,544.064,119.697,16.266,162.198,86.69,38.91,235.504,1.62
172,6,2000,1138677121024.0,30683316.0,566.69,129.348,16.25,172.817,86.01,36.35,237.661,0.7
173,6,2001,1162073341952.0,31002768.0,558.778,126.825,15.675,164.848,85.76,34.82,241.58,1.58
174,6,2002,1200474947584.0,31322400.0,564.051,124.207,16.117,171.16,87.38,36.14,242.471,0.43
175,6,2003,1225605382144.0,31619456.0,581.305,123.322,15.548,173.879,88.21,36.98,258.361,0.98
176,6,2004,1267051659264.0,31911670.0,579.592,115.671,16.042,169.899,90.62,38.99,267.364,0.09
177,6,2005,1311262900224.0,32215914.0,574.654,116.765,15.733,170.328,91.39,39.95,261.213,1.49
178,6,2007,1381196103680.0,32862458.0,593.516,118.793,16.133,181.886,92.04,39.96,266.117,1.0
179,6,2008,1398902882304.0,33218542.0,576.558,112.632,15.342,181.568,88.28,40.25,257.303,0.64
180,6,2009,1361508171776.0,33593920.0,543.968,93.379,14.398,174.992,85.23,37.13,253.572,0.93
181,6,2011,1455579594752.0,34323536.0,567.054,86.723,14.937,195.283,86.73,40.22,261.661,1.67
182,6,2012,1479801044992.0,34691876.0,568.223,81.446,15.818,198.172,87.34,42.51,263.71,1.77
183,6,2013,1514897276928.0,35063696.0,572.613,78.97,16.723,204.54,90.1,42.06,263.939,0.71
184,6,2014,1552197222400.0,35404616.0,569.84,76.686,16.889,211.162,92.23,41.52,256.683,0.74
185,6,2015,1565171122176.0,35732120.0,574.298,78.099,16.132,213.496,92.95,41.95,258.061,1.48
186,6,2017,1636443488256.0,36554344.0,571.545,72.688,14.835,214.581,99.25,41.58,260.403,1.62
187,7,1990,3385121570816.0,1153704192.0,2484.855,1976.684,0.0,29.301,765.84,296.17,330.291,0.79
188,7,1991,3508947910656.0,1170626176.0,2606.096,2049.92,0.0,30.778,775.53,303.72,356.027,0.41
189,7,1992,3755037425664.0,1183813376.0,2730.788,2114.715,0.0,30.239,781.19,309.6,385.793,0.16
190,7,1993,4126169628672.0,1195855616.0,2921.651,2228.745,0.0,35.728,790.54,301.41,428.549,0.22
191,7,1994,4438753280000.0,1207286656.0,3100.002,2380.586,0.0,41.568,812.96,314.95,423.712,0.77
192,7,1995,4810000039936.0,1218144384.0,3357.909,2569.754,0.0,42.436,850.31,358.59,468.23,0.55
193,7,1996,5127589593088.0,1228298880.0,3503.234,2660.401,0.0,44.47,858.79,384.61,510.622,0.25
194,7,1997,5291338891264.0,1237801472.0,3510.169,2609.556,0.0,44.159,813.78,356.53,557.961,0.72
195,7,1998,5338703069184.0,1246836096.0,3360.455,2444.771,0.0,50.501,815.85,365.59,559.262,1.42
196,7,1999,5578502963200.0,1255433216.0,3552.842,2580.992,0.0,54.572,810.42,381.21,596.751,1.14
197,7,2000,5952682590208.0,1264099072.0,3644.464,2601.737,0.0,59.796,810.19,376.06,648.686,0.58
198,7,2001,6329737412608.0,1272739584.0,3723.731,2637.655,0.0,67.157,802.87,378.28,659.3,0.96
199,7,2002,6814493573120.0,1280926080.0,4112.459,3018.634,0.0,53.993,795.72,396.99,653.086,1.18
200,7,2003,7248622387200.0,1288873344.0,4827.446,3601.712,0.0,60.745,821.23,401.56,727.099,0.93
201,7,2004,7830953263104.0,1296816768.0,5223.755,3835.288,0.0,71.521,867.68,417.36,839.093,1.19
202,7,2005,8602940080128.0,1304887552.0,5876.555,4424.39,0.0,84.957,905.26,427.61,850.173,0.83
203,7,2006,9489543593984.0,1313086592.0,6488.804,4905.374,0.0,103.753,944.44,440.46,898.534,1.38
204,7,2007,10358205972480.0,1321513216.0,6978.612,5289.904,0.0,129.515,975.03,449.39,927.351,1.66
205,7,2008,10799147909120.0,1330167168.0,7496.832,5729.474,0.0,149.674,994.45,465.24,970.117,1.1
206,7,2009,11572544012288.0,1339125632.0,7886.533,6028.5,0.0,164.404,1024.1,476.12,982.348,1.22
207,7,2010,12858808074240.0,1348191360.0,8616.652,6568.793,0.0,199.585,1073.15,488.57,1092.572,0.99
208,7,2011,13673158410240.0,1357095424.0,9528.556,7309.786,0.0,245.99,1121.46,497.54,1123.859,0.82
209,7,2012,14358127050752.0,1366560768.0,9779.281,7464.806,3.66,277.599,1122.85,509.57,1176.712,0.53
210,7,2013,15304425996288.0,1376100352.0,9956.309,7493.454,3.565,320.127,1147.21,522.8,1234.622,1.26
211,7,2014,16220856254464.0,1385189632.0,9998.621,7425.067,3.878,370.222,1161.42,534.42,1255.605,1.15
212,7,2015,16710945996800.0,1393715456.0,9866.904,7266.979,3.854,380.052,1159.87,549.62,1328.805,1.47
213,7,2016,17255473610752.0,1401889664.0,9764.979,7071.404,3.041,421.726,1120.35,552.67,1357.838,0.96
214,7,2017,17575081672704.0,1410275968.0,10011.107,7163.318,2.925,486.359,1131.63,548.88,1430.587,1.51
215,8,1990,58374078464.0,4873705.0,22.98,2.982,0.583,4.873,4.05,2.95,13.239,0.66
216,8,1991,45560401920.0,4844526.0,16.988,1.911,0.577,4.082,3.98,2.66,9.554,-0.17
217,8,1992,40296484864.0,4798318.0,16.373,1.492,0.588,4.312,3.72,2.78,9.047,0.82
218,8,1993,37941878784.0,4792409.0,16.809,1.209,0.786,4.732,3.67,2.31,9.284,0.39
219,8,1994,41058422784.0,4819431.0,16.054,0.804,0.705,4.392,3.53,2.34,9.195,1.34
220,8,1995,44384567296.0,4807100.0,16.818,0.858,0.836,3.844,3.45,2.28,10.539,0.24
221,8,1996,47434641408.0,4758624.0,17.345,0.682,0.81,4.313,3.39,2.27,10.712,-0.32
222,8,1997,51344322560.0,4711373.0,18.559,1.069,0.762,4.546,3.37,2.64,11.23,0.45
223,8,1998,53359112192.0,4659937.0,19.013,1.018,0.677,4.301,3.37,2.15,12.0,0.66
224,8,1999,53571235840.0,4605329.0,20.025,0.891,0.662,4.471,3.38,2.24,12.73,0.73
225,8,2000,54951510016.0,4548438.0,19.662,1.795,0.711,4.562,3.31,2.39,11.165,1.41
226,8,2001,56076091392.0,4506760.0,20.785,1.907,0.762,4.851,3.38,2.21,11.618,0.79
227,8,2002,59660337152.0,4482874.0,21.889,2.318,0.776,5.025,3.4,2.41,12.122,1.21
228,8,2003,63955259392.0,4461141.0,23.215,2.6,0.729,4.905,3.51,2.3,13.328,1.12
229,8,2004,67606573056.0,4443351.0,22.888,2.77,0.778,5.256,3.65,2.64,12.333,0.66
230,8,2005,71536394240.0,4429687.0,23.344,2.747,0.757,5.116,3.63,2.49,12.895,0.25
231,8,2006,76142043136.0,4417562.0,23.55,2.555,0.766,5.06,3.75,2.92,13.21,0.85
232,8,2007,81332862976.0,4405542.0,24.863,2.777,0.728,5.871,3.79,3.08,13.501,1.4
233,8,2008,84280721408.0,4393666.0,23.595,2.849,0.637,5.693,3.77,3.42,12.526,1.18
234,8,2009,79251070976.0,4382142.0,21.804,2.029,0.574,5.256,3.82,2.24,12.479,0.97
235,8,2010,79107170304.0,4368680.0,21.016,2.738,0.542,5.712,3.8,2.5,10.601,0.28
236,8,2011,80079052800.0,4351838.0,20.65,2.794,0.559,5.564,3.82,2.64,10.456,1.32
237,8,2012,78321270784.0,4331592.0,19.087,2.484,0.473,5.195,3.75,2.33,9.742,1.41
238,8,2013,77479518208.0,4308854.0,18.432,2.678,0.453,4.912,3.65,1.73,9.104,1.04
239,8,2014,77088243712.0,4283968.0,17.682,2.57,0.441,4.305,3.64,1.7,8.992,1.8
240,8,2015,78221434880.0,4254821.0,17.825,2.376,0.25,4.461,3.74,1.84,9.419,1.8
241,8,2016,80230187008.0,4223748.0,18.109,2.561,0.237,4.729,3.75,1.61,9.369,1.3
242,8,2017,82748776448.0,4192468.0,18.744,1.551,0.312,5.432,3.77,1.74,10.012,1.53
243,9,1990,10601790464.0,788501.0,4.653,0.232,0.0,0.002,0.53,0.32,3.703,-0.03
244,9,1991,10779906048.0,799067.0,5.143,0.232,0.0,0.001,0.54,0.32,4.233,-0.14
245,9,1992,11898679296.0,810435.0,5.517,0.062,0.0,0.002,0.55,0.37,4.727,-0.8
246,9,1993,12093020160.0,825993.0,5.761,0.074,0.0,0.002,0.56,0.37,4.89,-0.24
247,9,1994,12925316096.0,844452.0,6.002,0.065,0.0,0.002,0.58,0.37,5.109,0.49
248,9,1995,14339872768.0,862419.0,5.874,0.048,0.0,0.002,0.59,0.37,5.03,-0.01
249,9,1996,14666458112.0,880064.0,6.224,0.043,0.0,0.001,0.6,0.38,5.327,0.36
250,9,1997,15182803968.0,897476.0,6.312,0.045,0.0,0.001,0.61,0.36,5.446,-0.08
251,9,1998,16126405632.0,914667.0,6.609,0.062,0.0,0.001,0.62,0.37,5.769,0.77
252,9,1999,17062067200.0,931612.0,6.876,0.072,0.0,0.001,0.62,0.37,6.021,1.05
253,9,2000,18206158848.0,948238.0,7.122,0.117,0.0,0.002,0.64,0.36,6.201,0.48
254,9,2001,19037272064.0,964838.0,6.997,0.127,0.0,0.0,0.66,0.38,6.083,1.19
255,9,2002,19867287552.0,982202.0,7.186,0.127,0.0,0.0,0.68,0.4,6.24,0.71
256,9,2003,20548239360.0,1000355.0,7.577,0.127,0.0,0.001,0.67,0.4,6.628,0.75
257,9,2004,21687285760.0,1018688.0,7.803,0.137,0.0,0.001,0.67,0.39,6.78,0.56
258,9,2005,22703857664.0,1037070.0,7.958,0.152,0.0,0.001,0.67,0.36,6.944,0.56
259,9,2006,23948568576.0,1055445.0,8.185,0.151,0.0,0.001,0.67,0.36,7.131,0.53
260,9,2007,25336385536.0,1073875.0,8.505,0.119,0.0,0.001,0.67,0.37,7.487,0.91
261,9,2008,26560141312.0,1092402.0,8.717,0.111,0.0,0.001,0.68,0.36,7.705,0.96
262,9,2009,26331576320.0,1110979.0,8.472,0.059,0.0,0.001,0.68,0.38,7.685,0.98
263,9,2011,27264894976.0,1145090.0,7.789,0.031,0.0,0.001,0.69,0.38,7.186,0.63
264,9,2012,26403463168.0,1156556.0,7.264,0.001,0.0,0.001,0.69,0.38,6.735,1.12
265,9,2013,24831176704.0,1166972.0,6.584,0.001,0.0,0.001,0.69,0.34,5.817,1.08
266,9,2014,24451190784.0,1176997.0,6.952,0.009,0.0,0.0,0.7,0.34,5.957,1.49
267,9,2015,24862126080.0,1187286.0,6.973,0.015,0.0,0.0,0.71,0.35,6.07,0.84
268,9,2016,25590757376.0,1197889.0,7.375,0.002,0.0,0.0,0.73,0.35,6.477,1.37
269,9,2017,26706794496.0,1208527.0,7.525,0.012,0.0,0.0,0.74,0.36,6.574,0.79
270,10,1990,146168283136.0,10301190.0,164.211,123.419,0.458,12.564,23.66,8.02,22.498,1.12
271,10,1991,130869280768.0,10303359.0,148.879,112.711,0.398,12.294,22.16,6.11,19.794,0.04
272,10,1992,131887431680.0,10310956.0,145.711,105.791,0.396,14.721,20.66,5.95,21.186,1.19
273,10,1993,133712371712.0,10318915.0,140.129,100.747,0.378,15.317,19.72,5.37,20.387,0.3
274,10,1994,139362828288.0,10321309.0,132.673,94.922,0.368,14.225,18.52,5.55,19.805,1.44
275,10,1995,149915926528.0,10311702.0,131.627,94.834,0.362,15.63,17.99,5.53,17.671,0.57
276,10,1996,158347427840.0,10295653.0,135.004,95.219,0.35,18.041,17.76,5.75,18.033,-0.79
277,10,1997,159287115776.0,10279042.0,130.834,90.923,0.345,18.435,17.4,5.49,17.603,0.52
278,10,1998,160811499520.0,10263837.0,125.427,83.666,0.34,18.424,16.71,5.41,19.308,0.81
279,10,1999,165213880320.0,10249145.0,116.57,75.616,0.314,18.475,15.86,5.13,18.525,1.08
280,10,2000,174508441600.0,10234712.0,127.156,86.836,0.322,18.134,14.98,5.53,18.116,1.76
281,10,2001,182134898688.0,10230273.0,127.03,84.798,0.332,19.3,14.68,5.87,19.173,0.76
282,10,2002,187506016256.0,10238170.0,123.947,82.676,0.334,18.539,14.14,4.9,19.234,1.44
283,10,2003,196738662400.0,10248039.0,127.479,83.968,0.323,18.974,14.07,4.99,20.969,1.03
284,10,2004,209118199808.0,10261003.0,128.248,83.408,0.314,19.12,13.65,5.19,21.998,0.65
285,10,2005,225438384128.0,10280122.0,125.689,80.603,0.314,18.759,14.04,5.09,22.602,0.55
286,10,2006,244024344576.0,10304822.0,126.566,81.884,0.336,18.415,14.29,4.96,22.408,1.15
287,10,2007,260810031104.0,10337831.0,128.37,83.626,0.303,17.459,13.82,4.99,23.074,1.75
288,10,2008,271304294400.0,10378586.0,122.912,78.658,0.298,17.298,13.92,4.92,22.888,1.58
289,10,2009,261474025472.0,10421515.0,115.013,73.286,0.259,16.315,13.59,4.69,22.013,1.11
290,10,2010,270895333376.0,10464750.0,117.482,74.553,0.267,18.398,13.82,4.55,21.154,-0.05
291,10,2011,279860772864.0,10496379.0,115.186,73.744,0.262,16.825,13.77,4.71,20.917,1.31
292,10,2012,277620523008.0,10511065.0,111.281,70.749,0.266,16.624,13.62,5.14,20.433,1.12
293,10,2013,276285980672.0,10514547.0,106.711,66.849,0.201,16.826,12.82,4.99,19.786,0.88
294,10,2015,296649588736.0,10523801.0,104.996,64.296,0.192,15.909,12.76,5.55,21.35,1.93
295,10,2016,303850717184.0,10527584.0,106.656,64.709,0.159,17.009,12.47,5.58,21.391,1.48
296,10,2017,317076144128.0,10531315.0,107.748,64.286,0.127,17.714,12.49,5.28,22.163,1.43
297,11,1990,151205740544.0,5144626.0,53.585,24.005,0.341,4.35,9.43,7.3,23.187,-0.2
298,11,1991,154193559552.0,5158325.0,64.2,32.57,0.65,4.917,9.66,7.17,24.287,0.57
299,11,1992,158107713536.0,5175466.0,58.391,27.133,0.677,5.167,9.69,6.7,23.621,-0.72
300,11,1993,159029510144.0,5193776.0,60.637,28.451,0.582,5.851,9.84,6.74,23.998,-0.26
301,11,1994,168468807680.0,5213801.0,64.698,30.578,0.575,6.546,9.69,6.64,25.165,-0.33
302,11,1995,174565621760.0,5235205.0,61.614,25.6,0.454,7.574,9.65,6.64,26.024,-0.15
303,11,1996,180657864704.0,5256002.0,74.869,35.137,0.498,8.909,9.73,6.59,28.364,0.79
304,11,1997,187612758016.0,5277385.0,65.469,26.15,0.697,9.375,9.76,6.58,27.142,0.22
305,11,1998,192868466688.0,5298991.0,61.238,22.219,0.523,10.186,9.74,6.4,26.393,0.61
306,11,1999,199692681216.0,5319856.0,58.652,18.672,1.106,10.711,9.72,6.44,26.258,0.76
307,11,2000,208358719488.0,5340662.0,54.306,15.657,0.723,10.64,9.93,6.44,25.366,1.07
308,11,2001,211275268096.0,5360753.0,55.896,16.558,0.77,11.105,10.13,6.26,25.608,1.41
309,11,2002,213475426304.0,5378700.0,55.554,16.537,0.674,11.096,9.98,6.1,25.32,1.18
310,11,2004,222551113728.0,5415583.0,55.1,17.281,0.752,11.154,9.86,5.54,24.072,1.65
311,11,2005,229050957824.0,5436314.0,51.535,14.602,0.548,10.69,9.72,5.43,23.886,1.73
312,11,2006,239379202048.0,5457863.0,59.488,22.006,0.531,10.882,9.55,5.38,24.231,1.11
313,11,2007,242933465088.0,5479722.0,54.709,18.422,0.543,9.738,9.48,5.35,24.169,1.19
314,11,2008,243073646592.0,5502752.0,51.256,16.134,0.387,9.826,9.23,5.36,23.317,1.33
315,11,2011,242738380800.0,5576016.0,44.248,12.915,0.252,8.983,8.73,4.97,20.915,0.29
316,11,2013,245558509568.0,5625393.0,41.773,12.755,0.244,7.94,8.35,4.91,19.574,1.02
317,11,2015,253683007488.0,5677795.0,35.228,7.242,0.247,6.911,8.2,5.26,19.582,1.49
318,11,2017,262051119104.0,5737286.0,34.78,6.253,0.241,6.682,8.08,5.25,20.029,1.73
319,12,1990,27066095616.0,1570676.0,36.922,24.433,0.0,2.721,2.3,1.94,9.142,1.4
320,12,1991,23969413120.0,1565621.0,34.139,22.531,0.0,2.761,2.28,1.82,8.213,0.96
321,12,1992,20260763648.0,1540386.0,24.423,17.796,0.0,1.607,2.31,1.57,4.638,1.11
322,12,1993,18240808960.0,1504446.0,19.44,13.589,0.0,0.803,2.09,1.43,4.799,0.05
323,12,1994,17654292480.0,1475730.0,20.046,14.118,0.0,1.119,1.79,1.3,4.46,0.18
324,12,1995,18507421696.0,1452777.0,18.066,12.915,0.0,1.289,1.73,1.23,3.494,0.78
325,12,1996,19179796480.0,1434670.0,19.042,13.448,0.0,1.422,1.67,1.2,3.791,-0.54
326,12,1997,21099665408.0,1421491.0,18.685,13.191,0.0,1.393,1.63,1.19,3.681,0.52
327,12,1998,21616367616.0,1411151.0,16.942,11.499,0.0,1.334,1.57,1.22,3.647,0.21
328,12,1999,21088651264.0,1403494.0,15.955,10.92,0.0,1.296,1.52,1.2,3.326,1.36
329,12,2000,22945026048.0,1396881.0,15.5,10.849,0.0,1.503,1.47,1.22,2.729,1.58
330,12,2001,24006164480.0,1388000.0,15.9,10.679,0.0,1.611,1.45,1.2,3.182,1.02
331,12,2002,25057701888.0,1379241.0,15.383,10.381,0.0,1.36,1.44,1.19,3.232,1.21
332,12,2003,26485059584.0,1370663.0,17.279,12.168,0.0,1.547,1.4,1.23,3.174,0.53
333,12,2004,27701385216.0,1362489.0,17.342,12.012,0.0,1.742,1.41,1.25,3.174,0.77
334,12,2005,29813616640.0,1354665.0,17.11,11.743,0.0,1.741,1.35,1.23,3.205,1.06
335,12,2006,32350019584.0,1346711.0,16.454,11.044,0.0,1.729,1.34,1.23,3.215,1.37
336,12,2007,34297835520.0,1340576.0,19.966,14.257,0.0,1.737,1.33,1.28,3.322,1.62
337,12,2009,26784890880.0,1334557.0,14.441,10.02,0.0,1.224,1.27,1.28,2.914,0.94
338,12,2010,26952075264.0,1331535.0,19.003,14.26,0.0,1.328,1.29,1.31,3.066,0.26
339,12,2011,28535476224.0,1327435.0,18.984,14.181,0.0,1.19,1.23,1.32,3.156,1.42
340,12,2012,29763610624.0,1322682.0,17.795,12.602,0.0,1.275,1.23,1.35,3.242,0.72
341,12,2013,30185959424.0,1317985.0,19.698,14.532,0.0,1.212,1.2,1.37,3.253,1.25
342,12,2014,31037874176.0,1314531.0,18.86,14.072,0.0,1.022,1.19,1.4,3.294,1.58
343,12,2016,31962619904.0,1315928.0,17.559,12.753,0.0,1.052,1.1,1.36,3.504,1.44
344,12,2017,33800136704.0,1317550.0,18.762,13.877,0.0,0.923,1.11,1.4,3.572,0.99
345,13,1990,134055206912.0,4986551.0,56.914,22.132,0.111,5.153,8.55,6.5,27.658,1.36
346,13,1991,126220410880.0,5013856.0,55.189,21.388,0.103,5.384,8.46,5.92,26.808,0.78
347,13,1992,122115850240.0,5042120.0,54.265,20.678,0.11,5.575,8.4,5.74,26.654,1.09
348,13,1993,121309724672.0,5066609.0,56.313,23.401,0.157,5.822,8.37,5.83,25.604,0.26
349,13,1994,126178762752.0,5088491.0,61.733,27.593,0.066,6.295,8.3,6.02,26.407,0.31
350,13,1995,131584983040.0,5107942.0,58.116,24.657,0.075,6.509,8.08,6.0,25.591,0.81
351,13,1996,136504623104.0,5124717.0,64.033,29.757,0.065,6.789,7.98,6.0,26.031,0.18
352,13,1997,145148297216.0,5139944.0,62.696,28.497,0.103,6.646,7.86,6.04,26.015,0.7
353,13,1998,153137954816.0,5153548.0,59.351,23.718,0.064,7.591,7.62,5.89,26.571,-0.27
354,13,1999,160061980672.0,5165500.0,58.867,23.036,0.055,7.571,7.42,5.9,26.722,0.82
355,13,2000,169209069568.0,5176208.0,57.01,21.985,0.058,7.716,7.09,5.96,25.82,1.92
356,13,2001,173703233536.0,5188007.0,62.514,26.125,0.053,8.39,6.93,5.86,26.443,0.65
357,13,2002,176750428160.0,5200588.0,65.041,28.305,0.062,8.34,6.68,6.05,26.805,0.81
358,13,2003,180407926784.0,5212991.0,72.654,35.015,0.056,9.23,6.44,6.07,26.923,0.93
359,13,2004,187631845376.0,5228143.0,68.939,31.638,0.055,8.869,6.21,6.23,26.911,1.15
360,13,2005,192989478912.0,5246070.0,57.047,21.034,0.07,8.122,5.92,6.44,26.356,1.66
361,13,2006,200964489216.0,5266249.0,68.371,31.584,0.058,8.687,6.01,6.12,26.451,1.5
362,13,2007,211541000192.0,5288694.0,66.76,30.347,0.081,8.118,5.82,6.31,26.644,1.54
363,13,2008,213224882176.0,5313358.0,58.621,23.674,0.097,8.359,5.7,6.64,24.939,1.8
364,13,2009,195736961024.0,5338813.0,55.905,22.894,0.075,7.498,5.58,5.52,24.191,0.96
365,13,2010,201743089664.0,5363279.0,64.081,29.141,0.096,8.273,5.68,5.19,25.127,-0.24
366,13,2012,204128370688.0,5413865.0,51.146,19.592,0.102,6.462,5.47,4.78,23.668,0.46
367,13,2016,204639584256.0,5495217.0,47.182,18.658,0.104,4.207,5.02,4.88,22.863,1.42
368,13,2017,211331219456.0,5508146.0,44.578,17.087,0.147,3.886,4.9,4.91,22.127,0.66
369,14,1990,1636207689728.0,56412896.0,393.423,80.233,4.305,59.116,70.72,61.3,233.957,1.13
370,14,1991,1655610540032.0,56645216.0,418.367,85.819,4.405,66.834,70.63,61.76,246.158,0.1
371,14,1992,1682859229184.0,56864048.0,406.648,77.787,4.403,67.848,70.09,59.66,242.982,0.29
372,14,1993,1673263972352.0,57053728.0,388.08,62.979,4.202,68.076,70.23,59.9,239.877,0.06
373,14,1994,1713239621632.0,57230064.0,381.909,61.698,4.463,67.666,70.24,60.67,234.708,1.2
374,14,1995,1749671477248.0,57420356.0,386.262,62.84,4.344,68.821,70.75,61.5,236.857,0.91
375,14,1996,1774691549184.0,57623180.0,401.373,65.205,4.514,75.977,71.28,63.76,242.579,0.03
376,14,1997,1817073025024.0,57839364.0,393.945,61.184,4.459,75.237,70.47,63.13,240.084,1.22
377,14,1998,1882612563968.0,58080344.0,413.634,71.18,4.377,77.063,70.71,55.95,247.421,0.7
378,14,1999,1950261968896.0,58352208.0,412.183,66.275,4.07,80.855,70.83,51.23,247.829,1.04
379,14,2000,2031949578240.0,58665456.0,406.829,65.575,4.212,84.321,73.13,49.1,239.493,1.04
380,14,2001,2077914824704.0,59014776.0,411.614,56.04,4.174,88.531,73.41,49.85,249.738,0.69
381,14,2002,2107291205632.0,59372784.0,407.79,58.506,3.93,88.013,72.1,47.37,244.198,1.01
382,14,2003,2130783764480.0,59728260.0,412.535,59.125,3.891,91.651,70.98,47.25,244.835,1.47
383,14,2004,2196565655552.0,60108436.0,413.78,58.173,3.917,93.224,70.27,44.7,244.832,0.74
384,14,2005,2238357176320.0,60510080.0,416.166,62.004,3.92,94.933,69.58,43.53,241.881,0.59
385,14,2006,2296438063104.0,60919152.0,406.462,59.449,4.219,92.326,68.88,42.71,236.758,1.39
386,14,2007,2353924145152.0,61329380.0,396.661,61.345,4.515,89.253,69.08,43.79,227.718,0.81
387,14,2008,2361538117632.0,61721004.0,390.778,56.164,4.79,92.28,69.22,41.97,224.451,0.46
388,14,2009,2294314958848.0,62093300.0,371.045,45.186,4.507,90.712,68.02,39.78,219.271,0.97
389,14,2010,2341292736512.0,62444568.0,376.645,49.085,4.108,96.035,67.93,38.69,215.706,-0.04
390,14,2011,2391848255488.0,62775272.0,354.602,41.97,3.878,87.791,65.52,36.74,208.867,1.68
391,14,2012,2395403190272.0,63071412.0,356.913,46.668,3.307,90.609,64.96,37.33,204.876,0.89
392,14,2013,2415696805888.0,63335180.0,358.623,49.417,3.051,91.302,64.85,38.28,203.431,0.41
393,14,2014,2424453726208.0,63588496.0,327.107,39.271,2.958,76.369,63.7,38.54,197.495,1.59
394,14,2015,2453072773120.0,63809768.0,331.58,37.741,2.858,81.391,63.12,39.15,199.148,1.46
395,14,2016,2479389933568.0,63989320.0,334.44,35.794,2.868,89.033,62.2,37.65,196.49,1.0
396,14,2017,2536203354112.0,64144092.0,337.458,39.79,2.816,89.137,61.34,38.66,195.654,1.74
397,15,1990,2015547621376.0,79370192.0,1051.979,569.134,3.84,122.3,100.0,65.35,330.472,1.35
398,15,1991,2140549414912.0,79801984.0,1013.824,504.058,3.619,130.162,97.15,64.27,352.175,0.16
399,15,1992,2206446125056.0,80205024.0,965.542,454.325,3.54,129.384,91.7,64.29,353.961,1.11
400,15,1993,2210102247424.0,80573496.0,955.82,430.79,3.317,136.302,90.18,61.24,360.999,0.12
401,15,1994,2290161025024.0,80882120.0,939.492,418.197,3.22,142.162,88.71,64.69,350.052,1.2
402,15,1995,2356396687360.0,81123264.0,938.614,406.06,3.06,152.984,87.71,62.78,350.353,0.76
403,15,1996,2402605858816.0,81300864.0,958.7,400.627,3.213,169.971,86.48,64.0,360.038,-1.06
404,15,1997,2474738188288.0,81436096.0,930.87,386.879,3.239,162.892,83.49,61.48,352.402,0.68
405,15,1998,2552402542592.0,81524384.0,922.812,377.495,3.168,165.393,80.01,48.79,351.198,0.81
406,15,1999,2632654520320.0,81556968.0,895.352,360.066,3.112,165.642,77.78,45.32,340.728,1.38
407,15,2000,2741356986368.0,81551680.0,899.352,373.473,2.992,166.433,75.2,43.66,331.125,1.55
408,15,2001,2819462529024.0,81514568.0,916.144,376.533,2.969,173.813,73.49,45.32,339.733,0.81
409,15,2002,2851462971392.0,81443424.0,899.45,375.799,2.965,173.623,71.23,45.12,325.002,1.3
410,15,2003,2863394193408.0,81346808.0,900.628,379.537,3.002,174.873,69.06,44.91,320.456,1.07
411,15,2004,2929753849856.0,81266672.0,886.637,375.99,2.928,173.357,66.41,46.23,311.161,0.8
412,15,2005,2983874265088.0,81212168.0,866.303,363.24,2.953,173.43,64.79,44.48,304.818,0.94
413,15,2006,3129394593792.0,81177816.0,877.939,369.596,3.069,178.396,62.93,43.05,304.554,1.41
414,15,2007,3268102848512.0,81183832.0,851.223,379.387,2.988,174.441,61.37,46.72,270.77,1.73
415,15,2008,3340933005312.0,81217488.0,854.508,356.221,2.944,179.834,61.0,44.39,292.853,1.36
416,15,2009,3189039955968.0,81260624.0,789.9,317.905,2.575,167.412,59.1,44.59,281.751,1.03
417,15,2010,3356793241600.0,81325088.0,832.541,343.364,2.581,184.004,58.06,37.56,281.833,-0.36
418,15,2011,3519131418624.0,81423384.0,808.911,344.698,2.673,168.411,56.15,36.02,271.122,1.2
419,15,2012,3536438165504.0,81545568.0,813.693,349.803,2.657,168.062,55.56,36.1,271.559,0.78
420,15,2013,3553715290112.0,81680592.0,831.208,356.89,2.689,170.536,55.31,36.73,280.002,0.45
421,15,2015,3672553029632.0,82073232.0,795.557,341.018,2.374,157.455,52.72,36.74,273.408,1.57
422,15,2016,3735419092992.0,82331432.0,800.34,329.445,2.344,169.468,51.82,36.07,277.784,1.45
423,15,2017,3827498221568.0,82624368.0,785.616,310.763,2.267,171.412,51.41,34.98,279.181,1.47
424,16,1990,161708982272.0,10302255.0,83.438,39.787,0.043,0.858,10.84,7.4,35.975,0.16
425,16,1991,168230944768.0,10391552.0,83.408,38.404,0.043,0.833,10.73,7.17,37.432,-0.5
426,16,1992,170928734208.0,10478389.0,84.976,40.495,0.036,0.413,10.81,7.06,37.255,-0.36
427,16,1993,169706668032.0,10563442.0,84.285,40.164,0.029,0.318,10.91,6.6,37.043,-0.16
428,16,1994,174662615040.0,10647420.0,86.43,42.134,0.026,0.2,11.12,6.73,37.368,0.45
429,16,1995,179928432640.0,10727928.0,86.963,40.427,0.023,0.194,11.19,6.54,39.134,-0.01
430,16,1996,186744569856.0,10803809.0,89.115,39.23,0.025,0.208,11.41,6.84,42.476,-0.34
431,16,1997,196868816896.0,10875274.0,93.802,42.629,0.023,0.428,11.36,6.54,43.466,-0.24
432,16,1998,206380728320.0,10939474.0,98.622,44.556,0.016,1.645,11.71,6.4,45.11,0.11
433,16,1999,214634217472.0,10993861.0,97.935,43.084,0.001,2.848,11.5,6.34,44.716,0.86
434,16,2000,225054588928.0,11038112.0,102.973,45.851,0.014,3.982,11.61,6.41,45.633,0.56
435,16,2001,236462129152.0,11072182.0,105.362,47.02,0.01,3.923,10.81,6.12,46.86,0.8
436,16,2002,247945854976.0,11096620.0,105.001,45.544,0.01,4.24,10.86,6.16,47.894,0.7
437,16,2003,264671526912.0,11110488.0,109.067,45.616,0.007,4.757,10.9,6.19,51.338,0.78
438,16,2004,280566759424.0,11115089.0,109.485,47.094,0.007,5.245,11.08,5.84,49.783,0.25
439,16,2005,284786819072.0,11113450.0,113.889,46.604,0.006,5.385,11.07,5.68,53.968,0.28
440,16,2006,303593193472.0,11106097.0,112.42,42.794,0.006,6.284,11.14,5.37,55.7,0.18
441,16,2007,316350857216.0,11091491.0,114.546,45.193,0.005,7.808,11.17,5.28,54.069,0.58
442,16,2008,318127308800.0,11073621.0,111.08,43.285,0.004,8.109,11.04,5.42,52.725,0.25
443,16,2009,307180732416.0,11055503.0,104.32,42.243,0.004,6.623,10.7,4.96,50.128,0.52
444,16,2010,292966531072.0,11033784.0,97.354,41.26,0.006,7.166,10.87,5.35,44.002,1.0
445,16,2011,268611518464.0,11004730.0,94.505,42.08,0.005,8.811,10.73,5.91,40.501,0.81
446,16,2012,248992874496.0,10963633.0,91.393,43.257,0.005,8.094,10.59,5.1,36.298,1.16
447,16,2013,240930471936.0,10914501.0,81.713,37.291,0.004,7.336,10.21,4.8,32.913,0.88
448,16,2014,241776394240.0,10862972.0,78.64,35.227,0.004,5.559,10.09,4.67,33.49,0.88
449,16,2015,241242128384.0,10806644.0,74.928,29.949,0.004,6.035,9.93,4.49,34.984,1.01
450,16,2016,241653891072.0,10749742.0,71.364,23.594,0.009,7.912,9.61,4.48,35.577,1.09
451,16,2017,245290991616.0,10692230.0,74.845,26.019,0.008,9.536,9.66,4.53,35.035,0.72
452,17,1990,106788855808.0,10375989.0,73.226,26.417,0.485,20.406,11.64,9.65,22.814,0.96
453,17,1991,95995723776.0,10374750.0,69.656,25.086,0.46,20.46,11.57,7.58,21.556,-0.19
454,17,1992,94900822016.0,10370067.0,62.085,20.644,0.44,17.576,10.43,5.5,21.705,1.29
455,17,1993,96248037376.0,10357423.0,63.389,20.555,0.397,19.11,9.86,6.14,21.464,0.39
456,17,1994,101057019904.0,10342435.0,61.787,18.683,0.487,19.412,9.42,6.88,21.157,1.72
457,17,1995,104661049344.0,10327171.0,61.391,18.389,0.264,20.911,8.8,6.12,19.759,0.57
458,17,1996,106794262528.0,10308272.0,63.025,18.875,0.259,23.529,8.97,7.14,18.46,-0.66
459,17,1997,112578945024.0,10286223.0,61.624,18.318,0.211,22.436,8.85,7.02,18.685,0.28
460,17,1998,119714947072.0,10260965.0,61.164,17.183,0.186,22.465,8.71,6.62,19.297,0.87
461,17,1999,126067187712.0,10230263.0,61.664,17.561,0.167,22.759,8.78,6.6,19.154,0.92
462,17,2001,141920337920.0,10177955.0,59.968,15.9,0.144,24.647,8.66,7.46,17.238,0.77
463,17,2002,151325425664.0,10148404.0,59.005,15.629,0.14,24.844,8.73,6.37,16.294,1.58
464,17,2003,160317177856.0,10118060.0,61.756,16.162,0.146,27.227,8.87,6.28,16.056,1.1
465,17,2004,171776475136.0,10094499.0,60.13,15.477,0.118,26.815,8.45,7.24,15.602,0.56
466,17,2005,182948364288.0,10073533.0,60.276,13.598,0.113,28.025,8.38,6.94,16.403,0.26
467,17,2006,193865269248.0,10057063.0,59.633,13.617,0.117,26.512,8.25,6.73,17.165,0.92
468,17,2007,198699892736.0,10041171.0,58.554,13.572,0.104,25.106,8.14,6.2,17.531,1.85
469,17,2008,204543000576.0,10023508.0,57.248,13.064,0.18,24.617,8.04,5.68,17.239,1.76
470,17,2009,195011821568.0,10008581.0,51.464,11.189,0.18,21.364,8.02,5.15,17.165,1.41
471,17,2010,200323055616.0,9986832.0,52.069,11.672,0.188,22.918,7.98,5.0,15.972,0.35
472,17,2011,207957688320.0,9953247.0,50.191,11.955,0.187,21.875,7.8,5.29,15.029,1.31
473,17,2012,204625346560.0,9922133.0,46.757,11.456,0.15,19.572,7.66,5.16,14.345,1.54
474,17,2013,208958734336.0,9894637.0,43.612,10.166,0.151,18.385,7.48,5.55,13.847,1.21
475,17,2016,228414177280.0,9815106.0,47.113,9.769,0.137,19.365,7.23,5.54,16.572,1.47
476,17,2017,238288093184.0,9788940.0,49.515,10.048,0.143,20.486,7.16,5.57,17.473,1.43
477,18,1990,66087473152.0,3485370.0,32.944,14.659,0.0,4.414,15.47,10.03,12.4,0.66
478,18,1991,67936149504.0,3504806.0,33.674,14.367,0.0,4.547,15.73,9.78,13.453,0.09
479,18,1992,71167893504.0,3528370.0,33.495,13.765,0.0,4.517,15.78,9.85,14.025,0.14
480,18,1993,73646604288.0,3545700.0,33.716,13.196,0.0,5.221,15.91,10.18,13.992,0.01
481,18,1994,78875959296.0,3559396.0,34.838,12.557,0.0,5.152,15.94,10.37,15.778,0.06
482,18,1995,87428767744.0,3579486.0,35.853,12.668,0.0,5.527,16.0,10.35,16.078,0.85
483,18,1996,96464093184.0,3606725.0,37.469,13.074,0.0,6.178,15.98,10.22,16.535,0.18
484,18,1997,108048252928.0,3640157.0,38.805,12.21,0.0,6.592,15.99,10.31,18.195,0.88
485,18,1998,118272466944.0,3678670.0,40.709,11.893,0.0,6.721,16.43,10.75,20.502,0.73
486,18,1999,132615405568.0,3719918.0,42.44,10.289,0.038,7.19,16.49,10.72,23.186,0.74
487,18,2000,147422871552.0,3768954.0,45.249,11.107,0.0,8.209,16.97,10.61,23.658,0.29
488,18,2001,158125555712.0,3829019.0,47.608,11.659,0.056,8.601,17.06,10.38,24.844,0.38
489,18,2002,168846213120.0,3894256.0,46.082,11.315,0.0,8.633,16.97,10.68,23.797,0.68
490,18,2003,177045291008.0,3958706.0,45.684,10.843,0.0,8.84,17.54,10.07,23.272,0.78
491,18,2004,191105269760.0,4031961.0,46.167,10.207,0.0,8.756,16.6,9.76,24.456,0.67
492,18,2005,204428607488.0,4121220.0,48.157,11.16,0.0,8.4,16.12,9.51,25.777,0.73
493,18,2006,218886733824.0,4234809.0,47.605,10.021,0.0,9.429,16.09,9.35,25.361,0.88
494,18,2007,229784272896.0,4359841.0,47.664,9.671,0.0,10.208,15.43,9.18,24.829,1.07
495,18,2008,222239932416.0,4452393.0,47.363,9.644,0.0,10.771,15.2,9.14,24.384,0.34
496,18,2009,214513696768.0,4499797.0,42.179,8.605,0.0,10.382,14.91,9.39,21.4,0.4
497,18,2010,221367779328.0,4524581.0,41.794,8.427,0.0,11.365,14.42,8.94,20.274,-0.26
498,18,2011,223963938816.0,4544504.0,38.056,8.311,0.0,9.85,14.43,8.82,18.367,0.31
499,18,2012,221943971840.0,4564550.0,38.227,9.622,0.0,9.523,14.87,9.32,17.461,0.13
500,18,2013,225008336896.0,4588830.0,37.282,8.739,0.0,9.067,15.27,9.26,17.659,0.05
501,18,2014,244831715328.0,4622165.0,36.853,8.647,0.0,8.796,15.62,9.21,17.368,0.68
502,18,2015,254793482240.0,4665764.0,38.718,9.351,0.0,8.888,15.9,9.33,18.247,0.13
503,18,2016,268695470080.0,4715791.0,40.37,9.205,0.001,9.91,16.53,9.38,18.85,0.43
504,18,2017,290581577728.0,4771860.0,39.078,7.87,0.005,10.152,16.8,9.73,18.679,0.8
505,19,1990,1475485237248.0,56756560.0,439.55,69.58,4.048,88.992,48.74,26.43,256.164,0.57
506,19,1991,1508723261440.0,56794488.0,439.094,65.966,3.98,94.755,47.79,26.56,253.653,-0.08
507,19,1992,1531922481152.0,56833184.0,439.315,58.065,3.956,94.458,47.87,25.98,261.299,0.47
508,19,1993,1529549684736.0,56869456.0,431.605,52.079,4.18,96.872,47.62,25.77,259.336,0.45
509,19,1994,1573413584896.0,56883820.0,425.797,54.772,4.07,92.794,48.09,25.07,255.512,0.97
510,19,1995,1630198169600.0,56885124.0,449.826,58.417,4.002,102.913,48.34,25.84,264.199,0.12
511,19,1996,1662791450624.0,56898972.0,444.029,53.524,3.85,106.19,49.2,26.1,261.84,-0.03
512,19,1997,1705185902592.0,56925808.0,449.754,54.146,4.013,109.923,49.69,25.75,262.769,0.63
513,19,1998,1744897703936.0,56938736.0,461.946,54.867,3.887,118.555,49.44,26.15,265.487,0.52
514,19,1999,1784528371712.0,56945064.0,466.425,53.94,3.109,129.051,49.67,26.4,260.378,0.49
515,19,2000,1863750516736.0,56966400.0,470.487,56.032,3.262,134.813,50.9,26.7,255.585,0.87
516,19,2001,1910079750144.0,56994992.0,470.568,59.024,3.071,135.107,49.37,25.55,251.785,0.74
517,19,2002,1928259829760.0,57107576.0,477.999,60.016,2.843,135.865,50.18,26.31,257.671,0.73
518,19,2003,1944748163072.0,57425176.0,495.962,65.126,3.384,149.024,50.21,25.69,255.947,1.08
519,19,2004,1989364940800.0,57860664.0,501.563,72.217,2.646,154.662,49.5,27.02,248.798,0.56
520,19,2005,2022361923584.0,58199876.0,502.255,71.265,2.557,165.66,49.76,25.7,239.412,0.26
521,19,2006,2077408362496.0,58429904.0,496.847,70.787,2.591,162.585,49.21,20.67,237.471,0.87
522,19,2007,2122822582272.0,58778480.0,490.566,70.675,2.526,163.512,49.3,20.12,230.016,0.95
523,19,2008,2115287121920.0,59224228.0,478.869,68.139,2.596,167.142,49.35,18.66,219.441,0.85
524,19,2009,2013344956416.0,59562844.0,424.694,52.388,2.232,154.034,48.74,17.37,198.742,0.81
525,19,2010,2061694140416.0,59822452.0,436.117,58.218,2.377,164.347,48.99,16.82,193.788,0.22
526,19,2011,2088117207040.0,60025952.0,424.256,65.439,2.615,153.0,46.59,16.28,186.435,1.24
527,19,2012,2029244776448.0,60190152.0,403.697,66.959,2.528,147.714,47.28,16.75,172.68,1.36
528,19,2013,1994213294080.0,60312600.0,369.68,57.782,2.702,137.701,45.13,16.57,159.183,0.82
529,19,2014,1996478611456.0,60322792.0,349.39,55.837,2.501,121.589,44.08,16.2,157.836,1.22
530,19,2015,2012113928192.0,60232908.0,361.163,53.063,2.574,132.756,44.85,16.33,161.533,1.52
531,19,2016,2026955079680.0,60118628.0,358.183,48.559,2.189,140.792,44.73,16.32,156.015,1.07
532,19,2017,2060761825280.0,60004024.0,352.735,42.04,2.351,148.758,44.88,16.21,148.778,1.68
533,20,1990,3699821510656.0,123686320.0,1158.129,317.934,0.192,118.872,37.47,27.63,670.648,1.25
534,20,1991,3824698523648.0,124073992.0,1169.778,317.799,0.215,126.994,37.49,26.95,673.007,0.85
535,20,1992,3855720120320.0,124444696.0,1179.504,312.156,0.208,128.435,37.93,27.27,686.565,-0.16
536,20,1993,3861077295104.0,124779576.0,1172.487,317.625,0.212,131.217,37.97,27.22,672.018,-0.27
537,20,1994,3898677133312.0,125119264.0,1227.514,325.338,0.231,137.668,38.3,28.69,712.016,1.03
538,20,1995,4003033513984.0,125433968.0,1239.909,335.293,0.522,142.649,37.43,28.45,709.328,0.43
539,20,1996,4124648144896.0,125726224.0,1252.447,344.117,0.571,148.448,36.51,29.43,706.888,-0.46
540,20,1997,4166540853248.0,126027984.0,1245.139,349.675,0.58,153.034,35.9,29.93,692.051,0.31
541,20,1998,4117006909440.0,126308392.0,1205.25,327.405,0.499,156.33,34.67,28.44,676.244,0.45
542,20,1999,4104026587136.0,126555064.0,1241.836,345.281,0.539,165.804,34.41,22.23,685.684,1.0
543,20,2000,4215551819776.0,126803864.0,1264.595,372.15,0.512,170.604,33.97,24.86,676.422,0.72
544,20,2001,4230083772416.0,127065736.0,1249.989,381.228,0.548,169.623,33.01,21.62,654.741,-0.39
545,20,2002,4232499429376.0,127301744.0,1279.362,398.394,0.525,173.419,32.86,21.65,665.695,0.0
546,20,2003,4294503825408.0,127502352.0,1287.692,411.82,0.506,178.652,32.65,21.76,655.805,-0.18
547,20,2004,4386537340928.0,127671288.0,1283.077,419.814,0.477,177.565,32.47,22.34,644.658,0.86
548,20,2005,4456733736960.0,127798376.0,1290.599,430.348,0.508,176.001,32.1,21.98,641.774,0.48
549,20,2006,4517298438144.0,127902168.0,1267.624,427.483,0.553,192.654,31.97,21.87,604.984,0.37
550,20,2007,4589238091776.0,128006424.0,1303.362,444.982,0.616,209.122,31.9,20.87,607.551,1.22
551,20,2008,4536234147840.0,128077632.0,1232.481,426.291,0.565,204.485,31.22,20.63,562.868,0.53
552,20,2009,4287889670144.0,128117040.0,1163.375,411.272,0.501,202.177,30.55,20.28,515.863,0.05
553,20,2010,4464955621376.0,128105432.0,1215.058,445.977,0.475,213.342,30.53,20.09,521.743,0.92
554,20,2011,4456991162368.0,128007256.0,1265.035,430.476,0.477,247.923,30.59,19.31,552.298,0.44
555,20,2012,4523675353088.0,127853688.0,1306.182,450.013,0.49,257.022,30.5,18.76,564.129,0.69
556,20,2013,4614146490368.0,127678920.0,1315.569,481.216,0.439,256.491,30.22,19.34,541.435,0.66
557,20,2014,4629616132096.0,127476728.0,1264.413,472.934,0.449,258.548,29.68,19.28,496.771,0.39
558,20,2015,4685428162560.0,127250936.0,1223.605,465.83,0.425,246.429,28.86,18.73,476.379,0.78
559,20,2016,4732216672256.0,126993856.0,1203.888,456.551,0.457,251.596,28.55,18.75,460.879,0.98
560,20,2017,4844015321088.0,126662464.0,1188.359,458.482,0.436,245.693,28.39,18.88,448.847,0.9
561,21,1990,194940977152.0,16866574.0,278.782,168.899,15.785,27.403,40.72,18.8,62.818,0.96
562,21,1991,174429519872.0,16993796.0,269.49,166.779,15.677,26.311,40.6,17.88,57.253,0.87
563,21,1992,166043893760.0,17043420.0,245.216,156.356,14.68,25.162,37.1,15.97,45.962,-0.07
564,21,1993,151572676608.0,16979700.0,217.964,139.209,15.229,23.484,37.09,14.75,38.299,-1.1
565,21,1994,133221818368.0,16747153.0,184.333,113.733,15.481,22.188,36.98,13.9,31.888,-0.17
566,21,1995,122950926336.0,16434323.0,177.082,111.18,15.64,17.663,34.31,11.77,31.772,1.56
567,21,1996,124225961984.0,16144248.0,162.76,100.611,14.772,15.732,32.02,10.24,31.071,-0.87
568,21,1997,127005614080.0,15820435.0,154.166,90.609,15.47,14.859,31.28,8.98,32.566,1.3
569,21,1998,125251796992.0,15474257.0,148.818,85.775,15.499,14.387,29.62,7.53,31.975,0.42
570,21,1999,129322688512.0,15256256.0,123.722,76.311,16.008,9.787,28.44,6.96,20.162,1.14
571,21,2000,142758051840.0,15236256.0,147.474,90.499,16.132,14.153,29.93,6.74,25.427,0.81
572,21,2001,162896068608.0,15281288.0,142.295,88.425,15.976,11.193,30.83,7.44,24.955,0.93
573,21,2002,179806994432.0,15338962.0,159.971,91.198,15.589,14.307,39.29,11.84,36.546,1.64
574,21,2003,197584060416.0,15416709.0,177.824,102.15,16.142,16.175,37.72,8.65,40.413,0.41
575,21,2004,217713229824.0,15521921.0,187.304,108.807,16.331,17.299,41.11,9.65,42.146,1.67
576,21,2005,240091856896.0,15656255.0,200.438,109.272,16.396,18.119,43.31,10.01,52.772,1.3
577,21,2006,267206115328.0,15822751.0,220.048,114.457,16.377,27.993,45.14,10.95,56.356,1.1
578,21,2007,292533534720.0,16006138.0,226.129,124.846,16.478,23.986,44.56,10.07,56.45,1.66
579,21,2008,303795863552.0,16196521.0,227.121,121.366,16.936,30.334,46.97,10.34,53.525,1.4
580,21,2009,309091467264.0,16402365.0,221.057,130.768,16.128,29.953,47.08,9.59,40.274,0.58
581,21,2010,333426884608.0,16627839.0,246.983,140.334,16.391,34.212,48.59,11.05,52.153,0.89
582,21,2011,360338718720.0,16864920.0,237.034,137.59,16.406,38.659,48.69,10.0,40.351,0.03
583,21,2012,378347749376.0,17102868.0,243.922,148.665,16.462,34.442,47.58,9.78,39.979,0.37
584,21,2013,401054334976.0,17345734.0,251.453,146.942,16.435,30.732,47.31,8.89,50.234,1.93
585,21,2014,418303442944.0,17592296.0,297.643,190.258,16.544,43.407,48.18,10.22,40.812,0.16
586,21,2015,423317831680.0,17835908.0,301.273,183.236,16.176,52.648,47.35,10.89,41.435,1.7
587,21,2016,427912429568.0,18078558.0,304.84,183.032,17.295,54.721,45.95,10.13,43.013,1.54
588,21,2017,445456809984.0,18314822.0,320.791,187.962,17.821,62.751,50.65,13.38,45.136,1.39
589,22,1990,42100703232.0,2689398.0,19.661,2.812,0.0,5.493,4.07,2.56,10.462,1.4
590,22,1991,36517597184.0,2678970.0,17.919,2.455,0.0,5.455,4.07,2.41,9.293,0.96
591,22,1992,24608100352.0,2662885.0,14.193,2.163,0.0,3.976,4.61,2.39,7.795,1.11
592,22,1993,21636016128.0,2638889.0,11.921,1.995,0.0,2.594,3.99,2.05,7.27,0.05
593,22,1994,21944829952.0,2606464.0,10.37,1.521,0.0,1.874,2.91,1.69,6.866,0.18
594,22,1995,21646094336.0,2570150.0,9.134,1.111,0.0,2.297,2.64,1.44,5.598,0.78
595,22,1996,21989048320.0,2534288.0,9.212,1.04,0.0,1.977,2.6,1.45,6.056,-0.54
596,22,1997,23781386240.0,2498881.0,8.68,0.941,0.0,2.417,2.5,1.46,5.181,0.52
597,22,1998,25140078592.0,2462333.0,8.306,0.703,0.0,2.37,2.41,1.5,5.091,0.21
598,22,1999,25600796672.0,2426357.0,7.718,0.539,0.0,2.264,2.3,1.48,4.739,1.36
599,22,2000,26780788736.0,2392536.0,7.081,0.57,0.0,2.504,2.17,1.44,3.88,1.58
600,22,2001,28293371904.0,2359255.0,7.496,0.526,0.0,2.906,2.2,1.52,3.919,1.02
601,22,2002,30072958976.0,2326150.0,7.52,0.436,0.0,2.979,2.24,1.52,3.936,1.21
602,22,2003,32361883648.0,2294342.0,7.726,0.388,0.0,3.092,2.19,1.47,4.058,0.53
603,22,2004,34792599552.0,2263453.0,7.731,0.322,0.0,3.072,2.13,1.55,4.162,0.77
604,22,2005,38221836288.0,2233165.0,7.81,0.362,0.0,3.152,2.15,1.58,4.13,1.06
605,22,2006,42441265152.0,2203917.0,8.31,0.381,0.0,3.262,2.15,1.6,4.473,1.37
606,22,2007,46307684352.0,2176059.0,8.637,0.454,0.0,3.147,2.15,1.66,4.832,1.62
607,22,2009,37661278208.0,2126268.0,7.456,0.362,0.0,2.827,2.11,1.7,4.072,0.94
608,22,2010,35958493184.0,2101537.0,8.554,0.455,0.0,3.393,2.06,1.73,4.251,0.26
609,22,2011,37962579968.0,2076974.0,7.811,0.442,0.0,2.975,2.0,1.75,3.816,1.42
610,22,2012,39482474496.0,2053635.0,7.519,0.4,0.0,2.792,2.06,1.82,3.73,0.72
611,22,2013,40519245824.0,2031491.0,7.368,0.301,0.0,2.729,2.07,1.84,3.772,1.25
612,22,2014,41379799040.0,2011040.0,7.172,0.242,0.0,2.448,2.12,1.88,3.891,1.58
613,22,2016,43297222656.0,1973477.0,7.21,0.166,0.0,2.607,2.05,1.94,4.059,1.44
614,22,2017,44937031680.0,1954861.0,7.215,0.167,0.0,2.299,2.05,1.93,4.277,0.99
615,23,1990,51021991936.0,3785851.0,35.768,3.187,0.024,10.583,7.12,5.73,19.824,1.5
616,23,1991,48112087040.0,3793430.0,37.85,3.555,0.028,10.917,7.05,5.52,21.319,0.72
617,23,1992,37861879808.0,3795748.0,21.201,1.662,0.034,6.29,7.35,4.76,12.119,1.07
618,23,1993,31722383360.0,3788532.0,16.354,1.465,0.048,3.414,6.29,4.16,10.926,0.0
619,23,1994,28612204544.0,3770461.0,15.801,1.22,0.043,3.979,5.59,3.76,10.075,0.54
620,23,1995,30095167488.0,3747269.0,15.092,0.979,0.057,4.566,5.18,3.65,9.063,0.73
621,23,1996,31645790208.0,3722023.0,15.773,0.895,0.086,4.927,5.01,4.12,9.449,-0.62
622,23,1997,34267160576.0,3694897.0,15.196,0.738,0.109,4.548,5.01,4.23,9.349,0.34
623,23,1998,36819656704.0,3665514.0,16.031,0.647,0.121,4.001,4.87,4.48,10.742,0.32
624,23,1999,36398338048.0,3633949.0,13.483,0.548,0.085,4.032,4.6,4.47,8.39,1.4
625,23,2000,37788340224.0,3599639.0,11.876,0.378,0.11,4.53,4.42,4.68,6.494,1.7
626,23,2001,40252133376.0,3560145.0,12.627,0.342,0.123,4.642,4.16,4.74,7.156,0.92
627,23,2002,42971131904.0,3515799.0,12.699,0.548,0.115,4.739,4.2,4.99,6.937,1.4
628,23,2003,47492665344.0,3469683.0,12.693,0.714,0.096,5.127,4.26,5.09,6.387,0.52
629,23,2004,50600710144.0,3422593.0,13.287,0.688,0.119,5.177,4.3,5.32,6.872,0.7
630,23,2005,54504800256.0,3373536.0,14.117,0.763,0.113,5.552,4.26,5.57,7.238,0.87
631,23,2006,58536325120.0,3322937.0,14.434,1.03,0.106,5.517,4.22,5.52,7.177,1.14
632,23,2007,65020497920.0,3272416.0,15.824,1.025,0.083,6.552,4.23,6.3,7.56,1.67
633,23,2008,66724208640.0,3224384.0,15.204,0.867,0.141,5.836,4.07,6.0,7.829,1.92
634,23,2009,56833646592.0,3180482.0,13.043,0.689,0.228,4.921,3.93,3.92,6.893,0.95
635,23,2010,57760002048.0,3139021.0,13.947,0.843,0.258,5.664,3.88,3.82,6.848,0.34
636,23,2011,61248360448.0,3099800.0,14.293,0.973,0.244,6.16,3.72,4.16,6.526,1.32
637,23,2012,63596855296.0,3063340.0,14.349,0.95,0.233,5.937,3.69,3.98,6.76,0.7
638,23,2013,65826070528.0,3028191.0,13.356,1.092,0.265,4.914,3.58,3.74,6.552,1.22
639,23,2014,68128043008.0,2994928.0,13.108,0.923,0.251,4.635,3.48,3.81,6.81,1.7
640,23,2016,70911025152.0,2933676.0,13.351,0.749,0.251,4.149,3.35,3.68,7.677,1.52
641,23,2017,73923043328.0,2904452.0,13.572,0.801,0.224,4.279,3.27,3.72,7.764,1.05
642,24,1990,14057150464.0,381275.0,11.823,6.302,0.0,1.036,0.6,0.3,3.886,1.19
643,24,1991,15214076928.0,386405.0,12.443,6.015,0.0,1.074,0.61,0.32,4.783,0.2
644,24,1992,15430616064.0,391524.0,12.21,5.54,0.0,1.122,0.61,0.32,4.963,1.0
645,24,1993,16017019904.0,396705.0,12.355,5.736,0.0,1.161,0.61,0.32,4.961,0.29
646,24,1994,16564453376.0,402049.0,11.542,4.844,0.0,1.174,0.6,0.32,4.97,1.42
647,24,1995,16736430080.0,407639.0,9.152,2.705,0.0,1.343,0.6,0.31,4.603,0.76
648,24,1996,16903203840.0,413202.0,9.202,2.46,0.0,1.461,0.6,0.32,4.786,-0.7
649,24,1997,17799362560.0,418413.0,8.554,1.541,0.0,1.491,0.6,0.32,5.013,0.82
650,24,1998,18802137088.0,423579.0,7.676,0.42,0.0,1.495,0.59,0.32,5.257,0.76
651,24,1999,20317839360.0,429352.0,8.128,0.444,0.0,1.546,0.61,0.34,5.606,1.14
652,24,2000,21906683904.0,435634.0,8.71,0.471,0.0,1.609,0.59,0.26,6.07,1.43
653,24,2001,22374428672.0,441254.0,9.208,0.471,0.0,1.781,0.59,0.26,6.459,0.88
654,24,2002,23139020800.0,445920.0,9.984,0.371,0.0,2.54,0.59,0.34,6.561,1.41
655,24,2003,23425226752.0,451351.0,10.459,0.346,0.0,2.576,0.58,0.35,7.081,1.32
656,24,2004,24177319936.0,457798.0,11.829,0.385,0.0,2.859,0.58,0.38,8.087,0.82
657,24,2005,24847697920.0,464868.0,12.088,0.377,0.0,2.829,0.57,0.37,8.393,0.82
658,24,2006,26033442816.0,472402.0,11.92,0.47,0.0,2.958,0.57,0.37,8.009,1.36
659,24,2007,28098930688.0,479877.0,11.318,0.408,0.0,2.731,0.58,0.37,7.699,1.59
660,24,2008,27632140288.0,488643.0,11.184,0.356,0.0,2.594,0.58,0.38,7.783,1.12
661,24,2009,26325504000.0,497876.0,10.639,0.339,0.0,2.659,0.58,0.37,7.215,1.07
662,24,2010,27499366400.0,507075.0,11.202,0.326,0.0,2.842,0.58,0.37,7.593,-0.2
663,24,2011,28088633344.0,518207.0,11.103,0.315,0.0,2.464,0.56,0.38,7.864,1.45
664,24,2012,27989147648.0,530596.0,10.867,0.286,0.0,2.5,0.55,0.36,7.633,0.9
665,24,2013,29106192384.0,543068.0,10.325,0.276,0.0,2.115,0.56,0.36,7.508,0.38
666,24,2015,31975024640.0,569415.0,9.347,0.288,0.0,1.83,0.56,0.36,6.824,1.66
667,24,2016,33357813760.0,583355.0,9.089,0.294,0.0,1.682,0.56,0.36,6.685,1.33
668,24,2017,33958649856.0,596290.0,9.261,0.283,0.0,1.657,0.57,0.37,6.874,1.73
669,25,1990,4761399808.0,365396.0,2.394,0.71,0.0,0.0,0.15,0.06,1.683,0.66
670,25,1991,5061075456.0,368676.0,2.238,0.575,0.0,0.0,0.16,0.06,1.662,-0.16
671,25,1992,5300727296.0,371892.0,2.292,0.485,0.0,0.0,0.17,0.07,1.806,0.06
672,25,1993,5540228096.0,375257.0,2.87,0.71,0.0,0.0,0.18,0.07,2.159,0.14
673,25,1994,5855593984.0,378568.0,2.648,0.483,0.0,0.0,0.19,0.07,2.164,0.74
674,25,1995,6229765120.0,381860.0,2.439,0.123,0.0,0.0,0.18,0.07,2.315,0.1
675,25,1996,6467464192.0,385271.0,2.551,0.0,0.0,0.0,0.19,0.06,2.549,0.02
676,25,1997,6810149888.0,388843.0,2.557,0.0,0.0,0.0,0.2,0.07,2.555,0.56
677,25,1998,7162084864.0,392487.0,2.514,0.0,0.0,0.0,0.2,0.07,2.512,0.14
678,25,1999,7503059968.0,395993.0,2.592,0.0,0.0,0.0,0.21,0.06,2.591,0.48
679,25,2000,8014503936.0,399212.0,2.507,0.0,0.0,0.0,0.22,0.06,2.507,0.45
680,25,2001,8066432512.0,402163.0,2.648,0.0,0.0,0.0,0.22,0.06,2.647,0.65
681,25,2002,8310288384.0,404708.0,2.688,0.0,0.0,0.0,0.23,0.06,2.687,0.28
682,25,2003,8525085184.0,406926.0,2.961,0.0,0.0,0.0,0.24,0.06,2.96,0.89
683,25,2004,8566343168.0,408805.0,2.82,0.0,0.0,0.0,0.24,0.06,2.82,0.37
684,25,2005,8894058496.0,410217.0,2.645,0.0,0.0,0.0,0.26,0.06,2.644,0.35
685,25,2006,9060388864.0,411204.0,2.662,0.0,0.0,0.0,0.26,0.06,2.661,0.84
686,25,2007,9425146880.0,412091.0,2.731,0.0,0.0,0.0,0.27,0.06,2.731,0.86
687,25,2008,9744470016.0,413407.0,2.74,0.0,0.0,0.0,0.19,0.06,2.74,0.77
688,25,2009,9508432896.0,415509.0,2.528,0.0,0.0,0.0,0.2,0.06,2.527,0.66
689,25,2010,9849064448.0,418758.0,2.589,0.0,0.0,0.0,0.22,0.06,2.589,0.49
690,25,2011,9990638592.0,423577.0,2.577,0.0,0.0,0.0,0.2,0.05,2.577,0.75
691,25,2012,10262471680.0,429912.0,2.726,0.0,0.0,0.0,0.2,0.06,2.725,1.15
692,25,2013,10776326144.0,437531.0,2.379,0.0,0.0,0.0,0.19,0.07,2.377,0.76
693,25,2014,11795842048.0,446449.0,2.364,0.0,0.0,0.0,0.2,0.07,2.362,0.97
694,25,2015,12842327040.0,456585.0,1.665,0.0,0.0,0.0,0.21,0.07,1.663,1.02
695,25,2016,13651020800.0,467717.0,1.356,0.0,0.0,0.0,0.22,0.06,1.355,1.09
696,25,2017,14540544000.0,479507.0,1.531,0.0,0.0,0.552,0.22,0.05,0.978,1.26
697,26,1990,411390803968.0,14944550.0,161.807,34.193,0.885,73.122,29.71,15.8,52.012,0.54
698,26,1991,423864926208.0,15046578.0,170.227,31.655,0.819,81.308,30.02,15.93,54.783,0.06
699,26,1992,433594990592.0,15150688.0,170.015,31.239,0.752,79.3,29.54,15.99,57.125,0.39
700,26,1993,441585762304.0,15251088.0,170.206,31.582,0.685,81.861,28.92,16.35,54.448,0.18
701,26,1994,457294184448.0,15349481.0,170.788,34.655,0.619,78.7,28.16,16.04,55.004,0.39
702,26,1995,474287669248.0,15446670.0,172.3,34.701,0.552,81.003,27.45,15.65,54.318,0.7
703,26,1996,494052179968.0,15538617.0,181.452,33.336,0.496,90.0,26.8,15.59,56.049,-0.17
704,26,1997,518267830272.0,15629912.0,174.493,32.503,0.606,84.033,25.95,15.34,55.778,0.48
705,26,1998,544860340224.0,15722601.0,175.461,33.327,0.419,82.969,25.09,15.02,57.123,0.79
706,26,1999,575703547904.0,15812491.0,169.934,29.307,0.308,81.017,24.19,14.78,57.676,0.76
707,26,2000,603576139776.0,15899138.0,171.082,30.687,0.351,80.977,23.18,14.32,57.506,0.48
708,26,2001,619963809792.0,15981630.0,176.208,32.697,0.254,83.049,22.58,13.68,58.554,0.5
709,26,2002,624206544896.0,16057042.0,175.568,32.95,1.202,82.164,21.58,13.14,57.659,0.78
710,26,2003,629605990400.0,16127574.0,179.005,34.033,1.127,82.768,20.8,12.99,59.533,0.83
711,26,2004,646099697664.0,16196036.0,180.892,33.536,1.08,85.12,20.42,13.63,59.592,0.65
712,26,2005,663883939840.0,16261834.0,176.917,32.289,1.161,82.549,19.02,13.59,59.333,0.95
713,26,2006,691219595264.0,16325679.0,172.092,30.715,1.147,80.003,18.4,13.54,58.684,0.91
714,26,2007,720938008576.0,16391232.0,171.874,33.033,1.211,77.471,18.21,12.12,58.61,1.0
715,26,2008,737432109056.0,16460775.0,174.853,32.019,1.0,81.202,18.33,8.62,59.062,0.66
716,26,2009,713757491200.0,16536200.0,169.529,29.413,1.127,81.739,18.14,8.56,55.785,0.66
717,26,2010,727959470080.0,16617121.0,181.527,30.422,1.134,91.539,17.99,8.35,56.975,0.57
718,26,2011,744360837120.0,16701470.0,168.26,29.622,0.977,79.728,17.48,8.21,56.388,0.88
719,26,2012,736497893376.0,16785296.0,164.689,31.877,0.864,76.115,17.19,8.29,54.299,0.64
720,26,2013,735093129216.0,16867352.0,164.674,32.444,1.137,76.947,17.27,8.2,52.668,0.45
721,26,2014,745517678592.0,16954080.0,157.656,35.797,1.092,67.011,17.27,8.5,52.199,1.14
722,26,2015,760077418496.0,17041110.0,164.143,43.546,1.037,66.148,17.5,8.83,51.889,0.83
723,26,2016,776582332416.0,17124512.0,164.862,40.068,1.104,68.948,17.44,8.6,53.201,1.08
724,26,2017,799187927040.0,17207204.0,162.494,36.032,1.118,70.73,16.59,8.4,52.933,1.09
725,27,1990,74483236864.0,3397388.0,25.503,4.653,0.46,7.139,32.86,15.03,12.391,0.27
726,27,1991,72989966336.0,3481606.0,26.183,4.503,0.555,7.951,32.45,14.79,12.28,-0.29
727,27,1992,73699155968.0,3532568.0,28.167,4.922,0.54,8.419,32.15,14.61,13.292,-0.75
728,27,1993,77452075008.0,3573739.0,27.761,4.889,0.519,8.166,32.12,14.51,13.168,-0.6
729,27,1994,82753609728.0,3620893.0,27.9,4.627,0.541,7.612,32.9,14.95,14.084,-0.26
730,27,1995,86504431616.0,3673899.0,28.003,4.631,0.5,7.015,33.65,15.34,14.735,-0.16
731,27,1996,89915654144.0,3728460.0,29.305,4.585,0.667,8.107,33.23,14.88,14.899,-0.01
732,27,1997,92710363136.0,3775853.0,31.279,4.934,0.714,9.274,33.55,14.81,15.221,-0.29
733,27,1998,93578371072.0,3810047.0,29.859,4.519,0.705,7.997,32.84,14.48,15.504,0.47
734,27,1999,97884487680.0,3833496.0,31.466,4.619,0.616,9.17,33.17,14.88,15.809,0.96
735,27,2000,101981110272.0,3855266.0,32.246,4.409,0.593,9.489,32.62,14.79,16.473,0.49
736,27,2001,104436924416.0,3889587.0,34.379,5.412,0.613,10.444,32.94,14.93,16.589,0.58
737,27,2002,109929889792.0,3948582.0,34.542,5.421,0.587,9.86,33.71,15.7,17.322,0.49
738,27,2003,115145211904.0,4019944.0,36.241,7.74,0.611,8.522,33.88,15.98,18.102,0.44
739,27,2004,120376942592.0,4081415.0,35.836,8.013,0.863,7.255,33.79,15.27,18.484,-0.27
740,27,2005,123645493248.0,4132782.0,37.424,8.919,0.909,7.566,33.71,15.39,18.664,0.67
741,27,2006,127255027712.0,4179986.0,37.33,8.796,0.959,7.552,33.89,15.23,18.795,-0.01
742,27,2007,132482703360.0,4221495.0,36.411,6.726,1.021,8.259,33.78,15.15,19.001,-0.02
743,27,2008,132115849216.0,4260235.0,37.509,8.284,1.242,7.811,33.15,14.65,18.86,0.37
744,27,2009,132821327872.0,4302884.0,34.621,6.316,1.367,7.458,33.47,14.47,18.133,-0.22
745,27,2010,135624843264.0,4346345.0,34.811,5.458,1.506,8.382,33.43,14.36,18.21,0.23
746,27,2011,138433576960.0,4381274.0,34.266,5.534,1.46,7.626,33.38,14.54,18.407,0.21
747,27,2012,141964034048.0,4410285.0,35.945,6.853,1.279,8.343,33.87,14.76,18.154,0.1
748,27,2013,144951869440.0,4450641.0,35.241,6.013,1.093,8.373,33.69,14.74,18.541,0.72
749,27,2014,149075263488.0,4514198.0,35.439,5.442,1.224,8.602,33.98,14.87,18.851,0.38
750,27,2015,153714786304.0,4590591.0,35.813,5.47,1.348,8.305,33.1,15.18,19.371,0.43
751,27,2016,159813943296.0,4668088.0,34.153,4.465,1.152,7.894,33.08,15.1,19.489,0.72
752,27,2017,165842092032.0,4746253.0,35.688,4.669,1.089,8.518,32.86,15.15,20.362,-0.27
753,28,2003,277816606720.0,4565167.0,43.98,3.284,1.777,13.018,5.76,4.71,24.46,0.57
754,28,2004,297704030208.0,4592284.0,44.307,3.669,1.71,13.592,5.68,4.86,24.115,1.2
755,28,2005,314925252608.0,4623691.0,43.342,3.319,1.587,13.423,5.52,4.96,23.715,1.75
756,28,2007,352664748032.0,4709582.0,45.666,3.109,2.824,13.915,5.27,4.41,24.453,1.92
757,28,2008,364919226368.0,4768654.0,44.795,3.267,2.363,14.085,5.2,4.01,23.684,1.56
758,28,2009,370050662400.0,4829195.0,43.225,2.352,1.513,14.787,5.17,3.44,23.238,1.29
759,28,2010,383737856000.0,4889747.0,45.691,3.082,1.565,15.04,5.12,3.33,24.533,0.53
760,28,2011,399382970368.0,4953565.0,44.791,3.219,1.551,14.358,5.01,3.3,24.299,1.87
761,28,2013,414462935040.0,5080667.0,44.586,3.293,1.511,13.902,4.83,3.28,24.528,1.51
762,28,2015,429219184640.0,5190357.0,45.59,3.428,1.522,15.506,4.76,3.35,23.891,1.81
763,29,1990,310673178624.0,38064252.0,376.814,302.284,4.235,18.722,45.34,24.62,40.382,1.45
764,29,1991,291725475840.0,38167388.0,373.834,303.094,2.832,17.129,43.6,23.76,40.787,0.21
765,29,1992,302141014016.0,38252284.0,364.749,293.86,2.83,16.611,41.84,22.79,41.547,1.08
766,29,1993,316590915584.0,38319300.0,365.448,293.178,2.69,16.836,41.17,23.34,43.177,0.07
767,29,1994,336238444544.0,38375464.0,360.522,283.683,1.725,18.124,40.04,23.55,45.959,1.04
768,29,1995,363194515456.0,38401980.0,362.892,282.565,2.914,19.091,39.06,24.02,46.84,0.51
769,29,1996,388887511040.0,38401408.0,377.578,293.186,2.497,19.81,38.3,24.01,51.101,-1.03
770,29,1997,417946664960.0,38396120.0,367.525,277.516,3.201,21.004,38.09,24.4,53.963,0.24
771,29,1998,441376079872.0,38379992.0,339.365,251.777,2.707,20.625,36.64,23.03,52.901,0.53
772,29,1999,466287230976.0,38354952.0,329.552,239.663,3.531,20.428,35.75,22.65,55.03,1.23
773,29,2000,492195512320.0,38504432.0,317.719,228.827,3.382,21.838,34.39,22.97,52.836,1.84
774,29,2001,503090249728.0,38662860.0,313.85,226.152,2.87,22.635,33.59,22.8,52.768,0.64
775,29,2002,518231130112.0,38647476.0,306.61,219.897,3.012,22.422,33.37,22.32,52.164,1.46
776,29,2003,541817896960.0,38621536.0,319.624,226.406,3.564,24.832,33.31,22.96,55.624,0.63
777,29,2004,575083577344.0,38596040.0,324.436,226.424,2.714,26.563,32.68,23.04,58.82,0.6
778,29,2005,600855150592.0,38575912.0,323.409,222.638,3.387,27.401,32.98,23.85,60.43,0.69
779,29,2006,644043374592.0,38547180.0,337.318,232.308,3.976,27.63,33.39,24.2,63.027,1.09
780,29,2007,695923507200.0,38521868.0,336.731,227.707,3.611,27.911,33.09,25.17,66.011,1.64
781,29,2008,732389048320.0,38522884.0,330.485,220.472,3.576,28.134,32.75,24.05,67.23,1.72
782,29,2009,758697754624.0,38555288.0,316.868,209.074,2.872,27.273,32.42,20.78,67.927,0.84
783,29,2010,792188944384.0,38597356.0,334.917,220.927,3.489,29.135,32.97,21.56,70.863,-0.16
784,29,2011,839855964160.0,38620848.0,334.337,218.379,4.022,29.325,31.89,21.25,70.53,1.13
785,29,2012,853353431040.0,38625872.0,326.735,214.04,4.212,30.558,31.39,21.68,67.269,0.72
786,29,2013,865215250432.0,38607352.0,322.651,214.314,4.802,30.804,31.12,20.8,62.579,0.84
787,29,2016,952936824832.0,38532108.0,324.381,202.099,4.554,32.42,29.17,21.42,73.978,1.44
788,29,2017,999989641216.0,38532816.0,337.735,203.598,4.663,34.13,29.53,21.51,83.588,1.0
789,30,1990,171225923584.0,10007347.0,45.325,10.993,0.057,1.009,11.13,4.05,29.554,0.65
790,30,1991,177700323328.0,9986418.0,47.142,11.594,0.06,0.947,11.23,3.96,30.712,0.05
791,30,1992,183979442176.0,9978745.0,50.97,11.88,0.068,0.592,11.33,3.87,34.721,0.04
792,30,1993,183426187264.0,9992104.0,49.484,12.536,0.085,0.555,11.31,3.76,32.534,-0.27
793,30,1994,186890731520.0,10018101.0,50.261,13.188,0.279,0.442,11.72,3.72,32.438,0.23
794,30,1995,191953584128.0,10051250.0,54.524,14.594,0.417,0.784,11.94,3.86,34.588,0.82
795,30,1996,199451459584.0,10087653.0,51.815,13.55,0.367,0.925,12.14,3.99,32.904,0.25
796,30,1997,209094131712.0,10130547.0,54.694,13.732,0.47,1.14,12.29,3.91,35.042,0.99
797,30,1998,219968765952.0,10179419.0,59.248,12.307,0.441,2.458,12.58,4.08,39.7,0.5
798,30,1999,229420449792.0,10233373.0,66.9,14.909,0.384,6.465,12.65,4.04,40.469,0.26
799,30,2000,239037759488.0,10300632.0,65.686,15.015,0.346,5.727,12.65,4.03,39.894,0.38
800,30,2001,244636549120.0,10371815.0,65.237,12.713,0.428,6.282,12.41,3.7,41.272,0.36
801,30,2002,247482613760.0,10430913.0,69.643,13.72,0.419,7.374,12.66,4.12,43.32,0.42
802,30,2003,246137470976.0,10473345.0,64.538,12.987,0.467,7.332,13.01,3.87,39.275,0.61
803,30,2004,251574779904.0,10501523.0,67.385,13.094,0.482,9.148,13.1,3.94,39.758,0.51
804,30,2005,254497210368.0,10523314.0,69.718,13.076,0.563,9.616,12.77,3.83,41.5,0.48
805,30,2006,259465101312.0,10543946.0,64.924,13.082,0.536,9.091,12.56,3.63,37.361,0.97
806,30,2007,266976673792.0,10565547.0,62.437,11.446,0.554,9.75,12.43,3.79,35.601,0.53
807,30,2008,268554829824.0,10580963.0,60.107,9.849,0.504,10.495,11.99,3.69,34.292,0.53
808,30,2009,261579653120.0,10591341.0,57.207,10.75,0.469,9.72,11.82,3.41,32.212,0.94
809,30,2010,267592237056.0,10588401.0,53.001,6.44,0.566,10.486,11.64,3.37,31.369,0.9
810,30,2011,263734345728.0,10564820.0,51.802,8.647,0.523,10.509,11.92,3.09,28.479,1.09
811,30,2012,253104521216.0,10522085.0,49.96,11.15,0.607,9.097,11.69,3.11,25.62,0.57
812,30,2013,250243334144.0,10464537.0,48.163,10.206,1.184,8.107,11.49,3.12,24.993,0.51
813,30,2014,252484943872.0,10408379.0,47.946,10.328,1.016,7.643,11.46,3.25,25.009,0.9
814,30,2015,256506757120.0,10365436.0,52.27,12.575,1.139,9.111,11.5,3.24,25.646,0.95
815,30,2016,260122132480.0,10332751.0,50.442,10.832,1.066,9.82,11.5,3.24,25.577,0.9
816,30,2017,269243023360.0,10307528.0,55.21,12.407,1.144,12.305,11.82,3.54,25.948,1.31
817,31,1990,127957827584.0,22836234.0,173.464,51.628,1.168,70.635,30.52,18.08,43.882,0.83
818,31,1991,114092097536.0,22842488.0,141.915,42.548,1.001,57.404,27.42,12.95,36.469,-0.26
819,31,1992,108239806464.0,22800964.0,131.51,44.659,1.026,45.851,24.77,13.27,35.985,0.55
820,31,1993,113423130624.0,22721662.0,122.279,40.076,1.04,43.635,22.55,13.1,33.73,-0.01
821,31,1994,121572614144.0,22632776.0,120.542,40.59,1.044,42.493,22.33,11.65,32.703,1.48
822,31,1995,134463635456.0,22533138.0,125.583,42.041,1.076,44.147,21.65,11.79,34.162,0.29
823,31,1996,144370663424.0,22417872.0,128.936,41.608,1.071,43.68,21.96,11.83,38.364,-0.38
824,31,1997,143287533568.0,22289540.0,117.963,36.999,1.069,35.925,21.44,11.36,40.011,-0.23
825,31,1998,142127284224.0,22161240.0,104.399,31.031,1.449,33.579,20.53,10.38,34.295,0.32
826,31,1999,146476892160.0,22039006.0,88.357,25.418,1.298,30.502,20.09,9.73,27.513,0.87
827,31,2000,156815900672.0,21919882.0,92.668,28.864,0.947,30.947,19.63,10.53,28.215,1.67
828,31,2001,171448598528.0,21797588.0,98.151,31.046,0.549,29.63,18.9,10.25,32.972,0.68
829,31,2002,185753403392.0,21653530.0,98.357,32.006,0.727,30.971,18.76,9.29,30.862,1.4
830,31,2003,199208615936.0,21481322.0,102.844,34.89,0.904,33.766,19.28,9.91,29.464,0.45
831,31,2004,222641553408.0,21289292.0,102.11,34.631,0.893,31.965,19.38,11.05,30.38,0.45
832,31,2005,237715210240.0,21092264.0,100.242,34.421,1.143,30.537,19.34,11.13,29.885,0.01
833,31,2006,267838078976.0,20909406.0,103.18,37.06,1.441,31.406,19.3,10.11,28.384,0.41
834,31,2007,296749072384.0,20744226.0,107.887,40.941,0.844,30.721,19.29,10.14,29.82,1.71
835,31,2008,330879238144.0,20597516.0,105.852,39.565,0.682,31.131,19.22,9.23,28.95,1.5
836,31,2009,318474878976.0,20466318.0,87.002,31.592,0.467,25.237,18.71,8.68,25.596,1.49
837,31,2010,326789267456.0,20335212.0,84.633,28.528,0.543,27.504,18.36,9.2,24.193,0.85
838,31,2011,341004451840.0,20220286.0,91.754,33.286,0.645,28.387,16.5,9.12,25.239,0.87
839,31,2012,339489751040.0,20137112.0,90.239,30.68,0.845,28.173,17.05,8.38,26.344,1.37
840,31,2013,354085470208.0,20066550.0,78.93,24.662,0.84,25.14,17.21,8.59,24.581,1.52
841,31,2016,345273794560.0,19797820.0,77.012,21.991,0.835,23.366,17.17,8.63,26.423,1.35
842,31,2017,369827774464.0,19698852.0,80.043,21.839,0.776,24.392,17.19,8.9,28.42,1.18
843,32,1990,1834865262592.0,148005696.0,2534.865,753.268,33.222,787.972,696.96,109.05,888.019,1.13
844,32,1991,1777486528512.0,148455408.0,2405.532,704.591,33.629,754.749,667.56,103.22,844.242,0.98
845,32,1992,1555013173248.0,148725600.0,1965.61,521.107,27.375,774.15,632.98,94.49,585.185,0.28
846,32,1993,1449494315008.0,148897280.0,1865.939,507.105,22.063,781.48,607.6,86.54,509.803,0.6
847,32,1994,1295583412224.0,148829120.0,1646.942,454.251,18.667,732.785,581.52,73.17,406.648,0.31
848,32,1996,1254719356928.0,148233408.0,1586.173,477.104,20.154,699.631,552.67,69.18,361.188,0.48
849,32,1997,1299740884992.0,147939968.0,1481.619,411.674,21.843,669.081,519.34,59.75,352.804,0.87
850,32,1998,1259447386112.0,147672720.0,1464.543,400.158,21.849,673.281,520.85,58.17,345.453,-0.16
851,32,1999,1369025019904.0,147336384.0,1493.155,406.786,23.633,686.405,522.82,54.24,350.222,0.26
852,32,2000,1540482793472.0,146844848.0,1478.185,426.448,23.764,681.432,529.92,56.03,317.318,0.65
853,32,2001,1650354421760.0,146235520.0,1514.714,444.961,24.348,693.013,533.89,56.03,323.091,0.65
854,32,2002,1773704445952.0,145590144.0,1505.52,423.511,34.816,702.372,541.73,56.56,314.441,1.07
855,32,2003,1946812547072.0,144946720.0,1535.293,425.152,34.543,734.919,576.38,59.06,308.254,1.4
856,32,2004,2135166287872.0,144353648.0,1541.754,415.37,39.638,742.806,578.46,54.92,308.72,0.69
857,32,2005,2320883253248.0,143800048.0,1559.083,416.423,41.53,745.183,591.01,52.72,319.02,1.69
858,32,2006,2565919997952.0,143338672.0,1618.246,435.96,42.157,765.526,589.3,54.06,334.1,0.46
859,32,2008,3070320967680.0,143086544.0,1646.969,449.909,36.625,778.187,598.14,62.51,342.161,1.87
860,32,2009,2897514594304.0,143163648.0,1539.306,416.978,38.288,730.872,576.02,57.46,321.193,0.57
861,32,2010,3099422883840.0,143242592.0,1626.188,416.737,47.87,792.563,599.16,56.45,331.844,0.67
862,32,2011,3300296753152.0,143364544.0,1679.278,427.838,51.561,815.661,607.93,59.35,344.117,1.74
863,32,2012,3421750689792.0,143629360.0,1694.576,442.75,52.928,804.976,605.41,58.95,351.771,1.27
864,32,2013,3473313366016.0,143956864.0,1632.716,405.263,48.828,780.454,605.0,56.77,354.646,1.46
865,32,2014,3559951171584.0,144285072.0,1631.662,394.095,38.466,772.753,607.44,61.02,383.205,1.34
866,33,1990,65119608832.0,5261310.0,61.47,33.629,0.024,12.239,7.58,3.97,12.818,0.89
867,33,1991,55497322496.0,5280230.0,53.284,28.893,0.025,11.941,7.37,2.98,10.459,-0.23
868,33,1992,51833806848.0,5301897.0,48.884,25.886,0.025,12.022,6.96,2.72,8.906,0.92
869,33,1993,55429943296.0,5321863.0,46.349,24.71,0.024,11.554,6.48,2.45,8.203,0.19
870,33,1994,58743312384.0,5338814.0,43.754,22.225,0.025,11.204,6.08,2.81,8.349,1.6
871,33,1995,63231098880.0,5349999.0,44.142,21.392,0.026,12.4,5.91,2.9,8.215,0.43
872,33,1996,67359354880.0,5358288.0,44.023,20.778,0.027,13.035,5.96,3.13,8.14,-0.52
873,33,1997,71293222912.0,5365829.0,44.096,20.525,0.027,13.289,5.81,3.02,8.128,0.02
874,33,1998,73994518528.0,5371086.0,43.825,19.199,0.027,13.66,5.74,2.82,8.079,0.59
875,33,1999,73685016576.0,5374617.0,43.035,18.412,0.027,13.868,5.53,2.31,7.821,0.89
876,33,2000,74412965888.0,5376700.0,41.136,17.768,0.025,13.653,5.21,2.57,7.425,1.8
877,33,2001,76717629440.0,5376457.0,43.221,18.386,0.025,14.411,5.08,2.76,8.032,0.72
878,33,2002,80015532032.0,5375206.0,41.961,17.995,0.025,13.514,5.1,2.75,8.047,1.49
879,33,2003,84169826304.0,5374381.0,42.294,18.934,0.026,13.144,5.0,2.79,8.133,0.77
880,33,2004,88408940544.0,5374932.0,42.78,18.991,0.026,12.907,4.99,2.97,8.365,0.51
881,33,2005,94173028352.0,5376251.0,42.789,17.752,0.023,13.147,4.81,2.84,9.324,0.13
882,33,2006,101914034176.0,5377239.0,42.552,18.762,0.02,12.24,4.63,3.17,8.929,0.67
883,33,2007,112674938880.0,5378381.0,40.968,17.561,0.019,11.383,4.53,2.97,9.297,1.78
884,33,2008,118765707264.0,5381641.0,41.359,17.059,0.021,11.772,4.67,2.87,9.628,1.63
885,33,2009,112082665472.0,5388934.0,37.622,16.027,0.023,10.41,4.43,2.63,9.004,1.45
886,33,2010,117478088704.0,5396428.0,38.404,16.05,0.021,11.049,4.53,2.46,9.334,0.6
887,33,2011,120534253568.0,5402686.0,37.985,16.303,0.02,10.424,4.65,2.14,8.863,1.09
888,33,2012,122527850496.0,5409283.0,35.91,14.58,0.019,10.061,4.15,2.03,9.122,1.46
889,33,2013,124358402048.0,5414744.0,35.566,14.276,0.02,10.236,4.32,1.94,8.992,1.36
890,33,2016,136796127232.0,5431205.0,34.913,13.829,0.02,8.849,4.27,2.05,10.025,1.41
891,33,2017,140963397632.0,5439418.0,36.113,14.284,0.023,9.39,4.26,1.95,10.136,1.31
892,34,1990,36026961920.0,1986030.0,15.095,7.128,0.101,1.74,2.44,1.12,5.385,0.85
893,34,1991,32680462336.0,1989799.0,13.974,6.36,0.093,1.768,2.4,1.01,5.122,-0.1
894,34,1992,30763878400.0,1991344.0,13.883,6.818,0.12,1.478,2.12,0.91,4.909,1.19
895,34,1993,31503259648.0,1991685.0,14.247,6.293,0.108,1.477,2.15,0.88,5.907,0.45
896,34,1994,33038143488.0,1991454.0,14.637,5.965,0.104,1.519,2.12,0.91,6.473,1.71
897,34,1995,35329814528.0,1991115.0,15.354,6.07,0.118,1.532,2.13,0.85,7.058,0.51
898,34,1996,36416385024.0,1990671.0,15.999,5.591,0.115,1.634,2.17,0.8,8.068,-0.5
899,34,1997,38114369536.0,1989831.0,16.507,6.022,0.123,1.567,2.13,0.86,8.198,0.53
900,34,1998,39200575488.0,1988287.0,16.039,6.181,0.116,1.627,2.11,0.85,7.501,0.86
901,34,1999,41091821568.0,1986263.0,15.412,5.563,0.117,1.669,2.03,0.82,7.446,0.89
902,34,2000,42615771136.0,1984339.0,15.054,5.819,0.118,1.705,2.16,0.86,6.792,1.75
903,34,2001,43686670336.0,1982489.0,16.303,6.488,0.135,1.75,2.26,0.87,7.286,0.83
904,34,2002,45168627712.0,1983769.0,16.564,6.897,0.144,1.714,2.19,0.85,7.236,1.56
905,34,2003,46254137344.0,1989413.0,16.271,6.484,0.158,1.884,2.23,0.86,7.158,1.18
906,34,2004,48061218816.0,1996731.0,16.705,6.686,0.161,1.898,2.16,0.82,7.354,0.6
907,34,2005,49771966464.0,2004780.0,16.932,6.649,0.166,1.928,2.17,0.82,7.536,0.26
908,34,2006,52362579968.0,2013577.0,17.178,6.697,0.18,1.902,2.1,0.82,7.708,0.97
909,34,2007,55758200832.0,2023230.0,17.343,6.941,0.187,1.886,2.08,0.83,7.607,1.77
910,34,2008,57353908224.0,2034037.0,18.278,6.68,0.172,1.878,2.04,0.83,8.784,1.57
911,34,2009,52654862336.0,2045578.0,16.204,6.141,0.173,1.785,1.93,0.81,7.571,1.26
912,34,2010,53079736320.0,2057294.0,16.46,6.284,0.174,1.882,1.93,0.82,7.624,0.24
913,34,2011,53196414976.0,2065457.0,16.359,6.327,0.187,1.751,1.91,0.83,7.656,1.42
914,34,2012,51766657024.0,2069365.0,15.761,5.992,0.19,1.684,1.86,0.83,7.462,1.41
915,34,2013,51204718592.0,2072374.0,15.133,5.741,0.155,1.643,1.82,0.79,7.103,1.07
916,34,2016,55372836864.0,2090020.0,14.465,4.964,0.13,1.684,1.81,0.81,7.24,1.47
917,34,2017,58049191936.0,2098396.0,14.622,4.907,0.139,1.753,1.79,0.81,7.311,1.63
918,35,1990,594764496896.0,44120040.0,250.511,94.308,0.0,6.433,24.36,7.73,130.947,0.83
919,35,1991,651871518720.0,44487412.0,275.688,94.094,0.0,7.441,24.56,7.88,151.671,0.05
920,35,1992,687368699904.0,44703708.0,299.905,91.32,0.0,9.733,24.66,10.21,173.971,0.39
921,35,1993,729369280512.0,44932856.0,330.174,99.62,0.0,12.159,24.81,10.45,189.427,-0.32
922,35,1994,791073914880.0,45165784.0,355.695,101.801,0.0,16.186,25.12,10.95,206.573,0.75
923,35,1995,860793733120.0,45393416.0,383.665,105.3,0.0,19.574,25.28,11.85,226.079,0.18
924,35,1996,919812636672.0,45660164.0,421.058,122.689,0.062,25.859,25.94,12.45,239.471,-0.23
925,35,1997,967604961280.0,45962392.0,444.99,133.313,0.022,31.427,26.27,13.55,246.07,0.78
926,35,1998,908368084992.0,46250260.0,378.052,137.598,0.015,29.399,24.6,13.3,183.586,1.27
927,35,1999,1004162449408.0,46520448.0,410.537,145.635,0.018,35.797,24.37,14.15,200.628,0.78
928,35,2000,1086261690368.0,46788588.0,439.981,163.883,0.0,40.204,24.61,15.03,206.229,0.49
929,35,2001,1127616217088.0,47064784.0,455.631,174.626,0.0,44.163,25.1,15.23,206.083,0.9
930,35,2002,1203066634240.0,47320664.0,476.065,187.637,0.0,49.069,24.92,14.94,207.116,0.49
931,35,2003,1229830488064.0,47539740.0,485.213,195.319,0.0,51.401,24.9,18.23,205.372,0.36
932,35,2004,1281243873280.0,47727288.0,491.389,203.138,0.0,60.234,23.94,20.85,196.256,1.04
933,35,2005,1322354606080.0,47889576.0,498.688,209.293,0.0,65.27,24.1,19.38,195.069,0.33
934,35,2006,1381281431552.0,48049348.0,503.478,216.428,0.0,67.995,24.12,18.02,190.054,0.34
935,35,2007,1446721486848.0,48220600.0,521.709,228.427,0.0,73.37,23.72,9.79,187.258,1.12
936,35,2008,1477425233920.0,48398632.0,532.651,253.041,0.0,75.924,23.7,8.97,171.088,0.73
937,35,2009,1477640585216.0,48588024.0,537.82,262.395,0.0,72.171,24.03,8.93,172.708,1.03
938,35,2010,1562822836224.0,48813036.0,594.339,295.05,0.0,91.541,24.28,9.26,176.156,0.7
939,35,2011,1609219833856.0,49169880.0,623.443,320.169,0.0,98.513,23.92,9.39,171.469,0.14
940,35,2012,1646108213248.0,49634188.0,627.943,316.99,0.0,106.566,23.96,9.54,170.817,0.38
941,35,2013,1693809246208.0,50098228.0,634.581,320.644,0.0,111.531,23.78,9.6,168.582,0.53
942,35,2014,1750416228352.0,50558044.0,629.366,331.304,0.0,101.445,23.47,9.61,161.534,0.79
943,35,2015,1799248019456.0,50994396.0,634.177,335.411,0.0,92.589,23.23,9.87,170.594,0.76
944,35,2016,1849123405824.0,51309984.0,637.914,320.697,0.0,96.655,22.92,10.01,184.034,1.03
945,35,2017,1907555696640.0,51511640.0,654.537,337.669,0.0,100.861,22.83,10.18,179.413,1.66
946,36,1990,756125007872.0,38889888.0,231.328,79.876,1.769,12.076,34.11,22.2,122.327,0.91
947,36,1991,787366543360.0,38997064.0,241.074,82.396,1.754,13.476,34.17,21.48,128.803,0.1
948,36,1992,805944623104.0,39202248.0,249.939,85.65,1.855,14.585,34.64,19.9,134.553,0.08
949,36,1993,799270240256.0,39420540.0,241.299,82.449,1.838,14.184,34.23,20.39,130.042,-0.15
950,36,1994,827806515200.0,39623732.0,253.804,82.941,2.089,15.228,34.65,21.0,138.906,0.68
951,36,1995,865578975232.0,39814568.0,267.577,85.879,1.863,18.895,35.03,20.7,145.251,0.93
952,36,1996,895966511104.0,39996476.0,255.049,72.659,1.794,21.306,35.85,22.79,143.824,0.28
953,36,1997,937387425792.0,40180048.0,267.59,75.331,1.815,27.506,37.66,22.49,146.688,1.16
954,36,1998,988972449792.0,40362356.0,276.185,73.456,1.942,28.481,38.02,23.77,154.79,0.73
955,36,1999,1044700856320.0,40542232.0,299.722,83.531,1.994,32.52,38.53,23.7,163.295,0.57
956,36,2000,1108745388032.0,40741652.0,311.675,88.321,2.133,37.172,39.22,23.84,165.052,0.59
957,36,2001,1164389515264.0,40966448.0,313.621,81.098,2.038,39.99,39.81,23.38,171.19,0.71
958,36,2002,1206112747520.0,41477652.0,333.73,90.917,2.069,45.049,40.18,23.02,175.679,0.68
959,36,2003,1254542540800.0,42230268.0,338.046,84.293,1.9,51.303,40.17,24.02,179.938,1.09
960,36,2004,1307501395968.0,42959672.0,354.828,87.367,2.234,58.762,39.86,23.3,185.389,0.56
961,36,2005,1365024047104.0,43685372.0,370.066,87.766,2.297,68.938,39.6,21.95,189.452,0.51
962,36,2006,1434224295936.0,44422824.0,361.12,77.952,2.416,74.038,39.35,22.31,184.883,1.2
963,36,2007,1498934280192.0,45245784.0,368.986,84.629,2.565,75.656,40.04,22.86,184.494,0.57
964,36,2008,1528105271296.0,45966544.0,337.182,59.334,2.304,82.552,38.47,20.58,174.473,0.53
965,36,2009,1486563442688.0,46367772.0,297.748,45.081,2.256,73.71,40.17,20.24,162.252,0.91
966,36,2010,1498927202304.0,46572776.0,284.283,36.352,2.28,73.659,38.59,20.7,157.647,0.45
967,36,2011,1495441604608.0,46729232.0,285.132,54.215,2.739,68.06,38.44,19.65,147.314,1.29
968,36,2012,1453746159616.0,46756084.0,279.385,63.253,3.379,65.115,37.74,19.02,135.964,0.71
969,36,2013,1429213675520.0,46603460.0,253.103,49.191,3.835,59.097,37.19,19.57,130.466,0.54
970,36,2014,1450312204288.0,46464548.0,255.459,54.142,4.065,54.292,37.0,20.37,131.139,1.32
971,36,2015,1497526566912.0,46431344.0,272.165,61.841,3.707,56.65,38.59,20.51,137.71,1.29
972,36,2016,1417044295680.0,46473320.0,261.228,45.677,3.764,57.702,38.71,20.29,141.796,1.13
973,36,2017,1458021990400.0,46584168.0,275.053,53.593,3.823,62.58,39.11,20.72,142.572,1.64
974,37,1990,240234004480.0,8548407.0,57.58,11.761,0.336,1.617,8.56,6.08,42.021,1.67
975,37,1991,237965099008.0,8594170.0,57.951,11.845,0.284,1.744,8.5,5.84,42.404,0.71
976,37,1992,235763220480.0,8640277.0,57.689,11.107,0.311,2.023,8.64,5.95,42.684,1.06
977,37,1993,231559217152.0,8683403.0,57.726,11.052,0.345,2.093,8.58,6.14,42.63,0.23
978,37,1994,241527455744.0,8723467.0,60.187,11.243,0.295,2.059,8.46,6.03,44.868,0.21
979,37,1995,251744239616.0,8758496.0,59.605,11.239,0.337,2.094,8.33,5.88,44.075,0.31
980,37,1996,256500908032.0,8785493.0,63.522,12.411,0.322,2.258,8.32,6.04,46.718,-0.16
981,37,1997,264172109824.0,8807868.0,58.425,10.805,0.358,2.289,8.27,6.02,43.268,1.01
982,37,1998,276042121216.0,8828629.0,58.893,11.126,0.365,2.265,8.09,5.98,43.348,0.29
983,37,1999,289704280064.0,8848881.0,56.032,10.053,0.375,2.195,7.83,5.81,41.607,0.87
984,37,2000,303455109120.0,8871042.0,54.891,10.119,0.374,2.116,7.67,5.84,40.354,1.54
985,37,2001,308399210496.0,8896748.0,55.822,10.958,0.373,2.436,7.51,5.56,40.105,0.57
986,37,2002,317464870912.0,8926011.0,56.792,11.435,0.368,2.482,7.28,5.51,40.545,1.16
987,37,2003,326406144000.0,8961506.0,57.371,11.563,0.396,2.304,7.09,5.5,41.238,1.12
988,37,2004,341905244160.0,9004263.0,56.683,11.829,0.387,2.238,7.09,5.54,40.284,1.07
989,37,2005,354498740224.0,9051739.0,54.066,10.96,0.364,1.907,6.81,5.42,38.771,1.42
990,37,2006,372237959168.0,9104724.0,53.885,10.707,0.812,2.085,6.66,5.39,38.166,1.61
991,37,2007,387885170688.0,9164274.0,53.152,10.801,0.848,2.194,6.39,5.28,37.221,1.39
992,37,2008,388983685120.0,9229282.0,51.07,10.367,0.861,1.921,6.1,5.45,35.823,1.47
993,37,2009,373029306368.0,9301413.0,47.421,7.39,0.864,2.513,5.94,5.21,34.842,0.88
994,37,2010,399841820672.0,9381722.0,53.287,10.342,0.825,3.469,5.87,5.43,36.626,-0.62
995,37,2011,397621100544.0,9467384.0,49.405,9.497,0.834,2.755,5.84,5.19,34.26,1.7
996,37,2012,396489588736.0,9555984.0,46.919,8.667,0.838,2.391,5.7,5.11,32.877,0.45
997,37,2013,401409179648.0,9648935.0,45.351,8.743,0.699,2.369,5.53,5.14,31.478,1.15
998,37,2015,428683493376.0,9849344.0,43.742,8.152,0.822,1.975,5.21,5.44,30.675,1.79
999,37,2016,443163607040.0,9953322.0,43.416,8.002,0.64,2.266,5.15,5.46,30.369,1.36
1000,37,2017,454543736832.0,10058191.0,42.704,8.474,0.801,1.817,5.12,5.66,29.502,0.95
1001,38,1990,234154442752.0,6711685.0,44.16,1.467,0.026,3.878,6.44,2.84,35.946,1.06
1002,38,1991,236259213312.0,6795392.0,46.133,1.211,0.039,4.335,6.35,2.82,38.046,0.26
1003,38,1992,240475389952.0,6873188.0,46.017,0.896,0.036,4.545,6.27,2.79,38.181,0.97
1004,38,1993,244573601792.0,6936123.0,43.612,0.763,0.04,4.757,6.24,2.75,35.887,0.47
1005,38,1994,252214820864.0,6991543.0,42.677,0.778,0.041,4.684,6.2,2.75,34.821,1.7
1006,38,1995,258065989632.0,7038302.0,43.419,0.797,0.039,5.144,6.14,2.73,35.209,0.68
1007,38,1996,264364883968.0,7069694.0,44.107,0.576,0.044,5.586,6.14,2.71,35.878,-0.36
1008,38,1997,275430572032.0,7086993.0,43.047,0.5,0.042,5.404,5.93,2.63,35.27,0.94
1009,38,1998,288736575488.0,7108225.0,44.623,0.439,0.042,5.567,5.87,2.63,36.742,0.75
1010,38,1999,298852253696.0,7142199.0,44.446,0.453,0.043,5.776,5.74,2.55,36.341,0.87
1011,38,2000,316330344448.0,7182052.0,43.622,0.645,0.039,5.759,5.68,2.55,35.224,1.46
1012,38,2001,326784483328.0,7224413.0,45.077,0.654,0.041,5.998,5.73,2.59,36.397,0.89
1013,38,2002,333238534144.0,7276479.0,43.464,0.594,0.041,5.895,5.69,2.48,35.024,1.46
1014,38,2003,339510165504.0,7330729.0,44.648,0.602,0.039,6.23,5.6,2.47,35.903,1.52
1015,38,2004,355558785024.0,7381153.0,45.238,0.588,0.044,6.442,5.52,2.49,36.17,0.76
1016,38,2005,373064302592.0,7428437.0,45.779,0.633,0.058,6.612,5.55,2.54,36.374,0.62
1017,38,2006,395138629632.0,7475014.0,45.373,0.68,0.045,6.438,5.56,2.56,36.113,1.29
1018,38,2007,419030794240.0,7541909.0,43.369,0.741,0.042,6.275,5.51,2.52,34.18,1.46
1019,38,2008,436420476928.0,7638288.0,44.711,0.681,0.044,6.681,5.59,2.59,35.215,1.0
1020,38,2009,434943557632.0,7734402.0,43.539,0.636,0.044,6.403,5.52,2.56,34.414,1.09
1021,38,2010,455990116352.0,7822444.0,45.046,0.649,0.046,7.159,5.53,2.56,35.02,-0.06
1022,38,2011,472720965632.0,7910988.0,40.985,0.608,0.056,6.363,5.42,2.51,31.821,1.71
1023,38,2012,477669457920.0,7995738.0,42.253,0.558,0.047,6.959,5.4,2.46,32.671,1.05
1024,38,2013,486174916608.0,8088370.0,43.188,0.585,0.038,7.314,5.34,2.48,33.228,0.48
1025,38,2015,500062388224.0,8281735.0,38.732,0.563,0.028,6.78,5.22,2.44,29.467,1.91
1026,38,2016,508579282944.0,8372902.0,39.185,0.528,0.028,7.127,5.21,2.45,29.557,1.27
1027,39,1990,486761168896.0,54324140.0,151.665,70.254,0.22,7.647,38.21,26.8,60.12,0.11
1028,39,1991,499938033664.0,55321172.0,158.141,75.004,0.263,9.145,37.04,25.61,58.789,-0.14
1029,39,1992,538702184448.0,56302040.0,164.061,75.077,0.254,9.926,37.73,26.57,63.246,-1.32
1030,39,1993,591946448896.0,57296008.0,171.134,70.561,0.231,11.088,37.58,27.58,73.136,-0.46
1031,39,1994,569082576896.0,58310244.0,167.561,68.58,0.219,11.348,37.03,24.76,70.63,0.72
1032,39,1995,620396806144.0,59305492.0,181.482,71.225,0.209,14.441,36.97,25.12,78.056,0.01
1033,39,1996,675112419328.0,60293784.0,199.583,82.63,0.208,16.82,36.9,25.69,82.12,0.31
1034,39,1997,738354659328.0,61277420.0,212.037,90.479,0.206,20.788,37.65,25.77,81.899,-0.26
1035,39,1998,773998837760.0,62242200.0,212.07,93.992,0.194,21.658,37.22,27.06,77.471,0.94
1036,39,1999,745796272128.0,63185620.0,207.858,84.236,0.178,26.718,38.16,27.0,78.876,1.24
1037,39,2000,807550844928.0,64113548.0,229.858,98.54,0.168,30.118,38.78,26.52,82.614,0.45
1038,39,2001,753326817280.0,65072016.0,213.483,84.503,0.155,32.578,37.97,23.95,78.145,1.22
1039,39,2002,818938118144.0,65988664.0,221.148,87.242,0.148,34.766,37.34,24.31,80.255,0.43
1040,39,2003,872922415104.0,66867324.0,236.683,91.996,0.145,43.193,37.02,24.8,81.859,0.58
1041,39,2004,957900849152.0,67785080.0,244.689,93.373,0.14,44.368,37.08,24.97,85.843,0.38
1042,39,2005,1046618898432.0,68704712.0,264.769,102.076,0.142,54.859,38.45,25.38,84.446,0.44
1043,39,2006,1128341831680.0,69601328.0,282.267,111.575,0.135,62.166,39.8,26.9,83.084,0.51
1044,39,2007,1191689584640.0,70468864.0,313.578,126.044,0.133,72.005,42.27,25.68,87.866,0.6
1045,39,2008,1213760274432.0,71320728.0,310.532,122.868,0.135,71.548,42.84,23.83,86.88,0.63
1046,39,2009,1155016556544.0,72225648.0,316.319,130.356,0.138,71.36,42.41,26.78,83.74,0.69
1047,39,2011,1403985592320.0,74173856.0,341.862,135.242,0.151,86.048,44.0,26.15,84.197,0.28
1048,39,2012,1441915600896.0,75277440.0,355.883,141.611,0.144,87.094,45.46,28.31,89.728,0.94
1049,39,2013,1510231769088.0,76576120.0,347.153,125.422,0.146,86.692,44.42,30.78,94.357,0.78
1050,39,2014,1570585313280.0,78112064.0,363.866,130.305,0.145,93.537,46.62,30.61,98.998,1.49
1051,39,2015,1637835079680.0,79646176.0,384.33,138.794,0.155,96.438,42.51,31.02,108.643,0.71
1052,39,2016,1498503446528.0,81019400.0,405.305,151.631,0.158,91.852,44.56,33.27,117.847,1.12
1053,39,2017,1610456629248.0,82089824.0,430.22,157.938,0.157,104.89,44.98,32.87,120.765,0.64
1054,40,1990,495935193088.0,51589816.0,705.83,263.168,3.483,215.794,92.34,43.13,205.687,0.81
1055,40,1991,460353470464.0,51672816.0,632.537,222.622,3.065,224.497,89.53,40.39,167.044,-0.1
1056,40,1992,421710462976.0,51785152.0,589.06,245.344,2.709,196.908,81.65,36.07,129.12,-0.42
1057,40,1993,367893643264.0,51778420.0,510.2,235.88,2.437,165.746,78.0,31.64,94.482,-1.1
1058,40,1994,288418693120.0,51487376.0,419.266,185.817,2.277,144.081,74.35,29.16,77.58,0.19
1059,40,1995,257477951488.0,51061268.0,389.865,174.093,2.226,133.841,69.99,26.39,72.31,0.5
1060,40,1996,235602706432.0,50616104.0,351.409,146.215,2.231,137.539,66.1,22.88,60.779,-0.35
1061,40,1997,232333279232.0,50169352.0,340.243,154.305,2.212,129.447,60.27,22.6,49.468,-0.69
1062,40,1998,231737278464.0,49745868.0,328.577,123.079,2.191,155.69,53.9,20.0,42.553,0.47
1063,40,1999,235148296192.0,49320116.0,298.178,123.714,2.145,129.966,52.28,18.77,37.528,1.27
1064,40,2000,253196058624.0,48879752.0,285.322,122.878,2.147,123.973,49.9,18.58,31.612,0.8
1065,40,2001,281110347776.0,48414536.0,303.562,131.831,2.191,130.104,47.38,18.92,33.996,0.94
1066,40,2002,301087064064.0,47976540.0,295.674,136.228,2.178,116.058,47.64,19.87,35.368,1.11
1067,40,2003,335257370624.0,47605644.0,306.999,132.444,2.379,128.058,47.4,18.7,37.249,-0.2
1068,40,2004,381078077440.0,47261960.0,310.271,135.323,2.573,128.054,44.92,18.18,36.469,0.84
1069,40,2005,399366225920.0,46912616.0,313.067,135.906,2.472,129.9,43.57,18.09,36.259,1.11
1070,40,2006,436786692096.0,46592552.0,332.613,154.04,2.49,126.29,41.81,18.35,40.508,0.45
1071,40,2008,499592167424.0,46062936.0,325.536,154.64,2.696,114.356,39.62,21.15,43.891,1.05
1072,40,2009,431074443264.0,45863884.0,277.297,136.611,2.647,89.682,36.66,18.72,42.693,1.41
1073,40,2010,439429758976.0,45683024.0,294.111,145.421,2.618,100.188,38.11,19.88,39.841,1.91
1074,40,2011,471221141504.0,45516136.0,307.956,153.853,2.679,103.812,36.87,22.35,39.774,0.18
1075,40,2012,472338530304.0,45406228.0,303.976,158.981,2.549,96.823,36.39,21.73,38.465,1.46
1076,40,2013,472222859264.0,45307104.0,297.251,160.185,2.529,90.25,36.84,23.49,37.34,1.65
1077,40,2014,441258901504.0,45148072.0,257.511,138.373,2.494,75.134,35.41,23.34,35.341,1.21
1078,40,2016,407348477952.0,44833568.0,234.008,126.828,2.373,64.149,33.14,23.84,34.124,1.56
1079,40,2017,417634025472.0,44657260.0,223.087,112.586,2.304,66.655,32.98,24.63,35.342,1.38
1080,41,1990,1505692221440.0,57210444.0,601.945,252.69,6.787,113.518,109.01,58.12,217.8,0.83
1081,41,1991,1487460892672.0,57359452.0,609.413,253.623,6.26,121.693,109.44,57.22,218.39,0.14
1082,41,1992,1491383222272.0,57509240.0,593.846,237.747,6.444,122.296,109.68,51.99,218.447,0.28
1083,41,1993,1527375331328.0,57647464.0,579.613,207.686,6.636,137.591,110.84,47.97,219.163,-0.17
1084,41,1994,1585210327040.0,57785900.0,574.017,195.376,7.426,145.455,112.58,48.55,215.736,0.27
1085,41,1995,1623418994688.0,57930364.0,566.159,181.699,8.341,154.254,113.29,46.85,211.595,0.72
1086,41,1996,1663252430848.0,58078584.0,586.761,173.072,8.707,177.543,114.04,47.71,216.892,-0.02
1087,41,1997,1713664294912.0,58250192.0,562.708,154.729,7.211,182.887,113.26,47.07,207.743,0.91
1088,41,1998,1766690914304.0,58438320.0,568.544,154.088,7.448,191.361,112.4,46.83,204.934,0.72
1089,41,1999,1822988828672.0,58635204.0,561.65,138.313,6.171,205.231,109.89,37.06,201.663,0.82
1090,41,2000,1889457799168.0,58850044.0,569.034,144.443,6.446,210.131,106.0,36.05,198.238,0.58
1091,41,2001,1939162398720.0,59092016.0,577.971,153.534,6.493,210.16,101.11,34.65,198.651,0.51
1092,41,2002,1983811813376.0,59355688.0,560.273,141.691,6.179,207.03,99.01,32.63,196.13,1.08
1093,41,2003,2050645557248.0,59649800.0,571.619,153.103,5.563,208.462,94.87,32.23,194.397,1.13
1094,41,2004,2100502593536.0,59995852.0,573.43,147.662,5.619,211.734,89.86,33.13,197.952,0.98
1095,41,2005,2160945659904.0,60383740.0,570.338,148.033,5.991,205.438,86.26,31.97,200.448,0.9
1096,41,2006,2212969054208.0,60803700.0,567.846,160.844,5.272,194.126,81.99,30.91,197.183,1.07
1097,41,2007,2267379924992.0,61260680.0,559.566,150.844,5.417,196.52,77.78,30.95,196.16,1.06
1098,41,2008,2251038392320.0,61742152.0,544.932,139.219,4.75,202.655,72.46,30.79,188.8,0.7
1099,41,2009,2151646494720.0,62243384.0,494.108,113.823,4.881,188.07,67.2,28.48,180.264,0.85
1100,41,2010,2190775025664.0,62760048.0,511.905,118.03,4.738,201.927,62.34,29.01,179.848,0.08
1101,41,2011,2221719158784.0,63286360.0,469.713,117.15,4.453,168.236,58.8,28.05,172.06,1.1
1102,41,2012,2250912301056.0,63808728.0,487.477,148.005,3.646,158.24,56.78,27.66,170.288,0.54
1103,41,2013,2293924888576.0,64302296.0,477.611,142.457,4.216,157.622,53.14,27.67,165.756,0.4
1104,41,2014,2363952726016.0,64773504.0,438.807,115.434,4.436,144.492,50.76,28.47,166.511,1.39
1105,41,2015,2415783051264.0,65224368.0,422.461,91.548,4.641,147.899,50.11,28.36,170.773,0.81
1106,41,2016,2460057337856.0,65655204.0,399.43,47.825,4.559,165.742,51.6,28.1,173.93,1.01
1107,41,2017,2506603626496.0,66064808.0,387.367,39.129,4.301,161.697,51.34,28.37,174.851,1.49
1108,42,1990,9250378088448.0,248083728.0,5122.496,1815.064,46.107,1023.458,650.88,241.12,2179.492,0.55
1109,42,1991,9243499429888.0,251560192.0,5064.987,1797.789,45.336,1043.026,652.85,240.16,2121.765,0.66
1110,42,1992,9572148314112.0,255175328.0,5175.22,1817.52,45.221,1080.67,655.71,244.63,2174.65,0.18
1111,42,1993,9834941382656.0,258779760.0,5274.363,1879.878,44.423,1109.643,648.69,247.77,2182.045,0.17
1112,42,1994,10232022433792.0,262273584.0,5365.579,1894.596,45.024,1137.471,661.02,254.89,2227.476,0.41
1113,42,1995,10510263123968.0,265660560.0,5427.798,1914.164,43.485,1186.696,658.8,257.15,2218.737,0.46
1114,42,1996,10909166600192.0,268984352.0,5616.431,1994.607,42.203,1206.79,657.41,264.38,2306.56,-0.23
1115,42,1997,11398757220352.0,272395424.0,5691.865,2040.03,42.481,1214.479,647.6,257.63,2327.345,0.37
1116,42,1998,11906028929024.0,275835008.0,5737.129,2064.125,40.204,1191.601,636.24,254.87,2371.816,1.32
1117,42,1999,12463818932224.0,279181568.0,5810.332,2065.358,40.054,1199.103,624.01,253.31,2435.457,0.59
1118,42,2000,12973842104320.0,282398560.0,6016.351,2165.606,40.231,1252.332,619.46,252.16,2489.788,0.77
1119,42,2001,13100471287808.0,285470496.0,5911.988,2100.694,40.142,1199.433,611.81,246.2,2503.544,0.94
1120,42,2002,13334491430912.0,288350240.0,5952.699,2105.588,40.468,1239.007,605.54,247.74,2497.583,0.95
1121,42,2003,13708808945664.0,291109824.0,6015.804,2145.491,40.227,1201.862,605.88,254.74,2559.109,0.94
1122,42,2004,14227881328640.0,293947872.0,6117.963,2166.105,40.786,1205.237,605.31,255.76,2632.29,0.8
1123,42,2005,14703731408896.0,296842656.0,6137.604,2189.646,41.115,1187.619,607.07,257.76,2644.237,1.03
1124,42,2006,15095884152832.0,299753088.0,6057.163,2153.51,41.745,1173.784,608.13,263.1,2610.823,1.07
1125,42,2007,15364464312320.0,302743392.0,6135.287,2176.463,42.228,1248.122,613.66,270.59,2593.582,0.94
1126,42,2008,15319731011584.0,305694912.0,5918.869,2136.485,43.85,1253.227,622.1,255.99,2415.427,0.05
1127,42,2009,14894294368256.0,308512032.0,5482.978,1872.668,42.835,1231.751,611.03,247.74,2280.457,0.27
1128,42,2010,15270622003200.0,311182848.0,5681.392,1982.983,45.239,1290.515,628.18,254.67,2300.353,0.68
1129,42,2011,15509302018048.0,313876608.0,5546.629,1872.951,49.585,1310.474,633.4,264.56,2251.761,0.62
1130,42,2012,15849635184640.0,316651328.0,5345.454,1658.503,53.094,1372.083,644.28,257.37,2195.781,1.29
1131,42,2013,16108428984320.0,319375168.0,5480.926,1720.269,58.84,1410.367,646.78,260.52,2224.219,0.3
1132,42,2014,16482662612992.0,322033952.0,5528.871,1710.368,64.171,1435.02,670.36,262.03,2247.448,0.68
1133,42,2015,16902578503680.0,324607776.0,5376.578,1479.001,65.11,1475.993,671.59,261.11,2285.321,1.5
1134,42,2017,17596283879424.0,329791232.0,5210.958,1308.479,59.245,1460.392,669.66,267.1,2314.675,1.71
